type,profile,placement,run,mode,threads,bw_gbps,ipc,l2_miss_rate,cycles,iters,cyc_per_iter
baseline,l2hot,A_same_ccd,1,,,,0.9956,0.0,33440085676,5319238,6286.630843741153
corun,l2hot,A_same_ccd,1,wb_load,1,15.829,0.9964,0.0,33417270186,5319942,6281.510246916226
corun,l2hot,A_same_ccd,1,wc_ntdqa,12,17.852,0.9956,0.0,33431431339,5317779,6286.728226013153
baseline,l2hot,A_same_ccd,2,,,,0.9956,0.0,33459734237,5322535,6286.428222078389
corun,l2hot,A_same_ccd,2,wc_ntdqa,12,17.865,0.9959,0.0,33439688237,5320703,6284.825188889513
corun,l2hot,A_same_ccd,2,wb_load,1,15.83,0.9953,0.0,33422075229,5314543,6288.795711879648
baseline,l2hot,A_same_ccd,3,,,,0.9959,0.0,33454434027,5322872,6285.034475185576
corun,l2hot,A_same_ccd,3,wc_ntdqa,12,17.87,0.9962,0.0,33432425224,5321236,6282.830760372214
corun,l2hot,A_same_ccd,3,wb_load,1,15.83,0.9965,0.0,33415342288,5319825,6281.285998693566
baseline,l2hot,A_same_ccd,4,,,,0.9965,0.0,33459755840,5327100,6281.045191567645
corun,l2hot,A_same_ccd,4,wc_ntdqa,12,17.863,0.9934,0.0,33437216152,5307234,6300.3093799896515
corun,l2hot,A_same_ccd,4,wb_load,1,15.831,0.9967,0.0,33417852681,5321765,6279.467936107663
baseline,l2hot,A_same_ccd,5,,,,0.9956,0.0,33447111294,5320112,6286.91863893091
corun,l2hot,A_same_ccd,5,wc_ntdqa,12,17.851,0.9964,0.0,33412905198,5319110,6281.672159064205
corun,l2hot,A_same_ccd,5,wb_load,1,15.828,0.9957,0.0,33405973988,5314146,6286.235641248848
baseline,l2hot,B_diff_ccd_same_socket,1,,,,0.9965,0.0,33452187074,5326056,6280.8553034365395
corun,l2hot,B_diff_ccd_same_socket,1,wc_ntdqa,11,24.821,0.9932,0.0,33377288882,5296622,6301.618065627488
corun,l2hot,B_diff_ccd_same_socket,1,wb_load,8,24.894,0.9949,0.0,33366994728,5303829,6291.114349274835
baseline,l2hot,B_diff_ccd_same_socket,2,,,,0.9963,0.0,33439069114,5322842,6282.183298696448
corun,l2hot,B_diff_ccd_same_socket,2,wb_load,8,24.877,0.9965,0.0,33357947074,5310747,6281.215632000545
corun,l2hot,B_diff_ccd_same_socket,2,wc_ntdqa,11,24.821,0.9943,0.0,33386956895,5303816,6294.89350592102
baseline,l2hot,B_diff_ccd_same_socket,3,,,,0.9964,0.0,33456703922,5326010,6281.757623812197
corun,l2hot,B_diff_ccd_same_socket,3,wb_load,8,24.899,0.9964,0.0,33372548933,5312966,6281.34057944282
corun,l2hot,B_diff_ccd_same_socket,3,wc_ntdqa,11,24.842,0.9964,0.0,33399410309,5316958,6281.676535530279
baseline,l2hot,B_diff_ccd_same_socket,4,,,,0.9956,0.0,33450405263,5321034,6286.44832245011
corun,l2hot,B_diff_ccd_same_socket,4,wb_load,8,24.861,0.9954,0.0,33384225651,5309507,6287.63191215305
corun,l2hot,B_diff_ccd_same_socket,4,wc_ntdqa,11,24.789,0.9956,0.0,33389856342,5311041,6286.876027129145
baseline,l2hot,B_diff_ccd_same_socket,5,,,,0.9957,0.0,33439597738,5319600,6286.1113125046995
corun,l2hot,B_diff_ccd_same_socket,5,wb_load,8,24.894,0.9955,0.0,33377933544,5308944,6287.113509579306
corun,l2hot,B_diff_ccd_same_socket,5,wc_ntdqa,11,24.794,0.9954,0.0,33380292100,5308821,6287.703446772834
baseline,l2hot,C_diff_socket,1,,,,0.9956,0.0,33461632103,5322869,6286.390310000114
corun,l2hot,C_diff_socket,1,wb_load,8,24.901,0.9966,0.0,33426464075,5322173,6280.604571666498
corun,l2hot,C_diff_socket,1,wc_ntdqa,11,24.787,0.9965,0.0,33415125404,5320161,6280.8485314636155
baseline,l2hot,C_diff_socket,2,,,,0.9957,0.0,33455979828,5322267,6286.039356537355
corun,l2hot,C_diff_socket,2,wb_load,8,24.76,0.9965,0.0,33419618403,5320982,6280.723821843411
corun,l2hot,C_diff_socket,2,wc_ntdqa,11,24.809,0.9966,0.0,33414969142,5320281,6280.677494666165
baseline,l2hot,C_diff_socket,3,,,,0.9965,0.0,33462788168,5327618,6281.003662049344
corun,l2hot,C_diff_socket,3,wb_load,8,24.813,0.9966,0.0,33422830278,5321540,6280.668806022317
corun,l2hot,C_diff_socket,3,wc_ntdqa,11,24.786,0.9963,0.0,33424846796,5320732,6282.001573467711
baseline,l2hot,C_diff_socket,4,,,,0.9956,0.0,33457416311,5322218,6286.367133214009
corun,l2hot,C_diff_socket,4,wc_ntdqa,11,24.798,0.9953,0.0,33406808456,5312237,6288.651740500282
corun,l2hot,C_diff_socket,4,wb_load,8,24.819,0.9965,0.0,33424424960,5321528,6280.982635062711
baseline,l2hot,C_diff_socket,5,,,,0.9965,0.0,33467093649,5328495,6280.777902390825
corun,l2hot,C_diff_socket,5,wc_ntdqa,11,24.802,0.9973,0.0,33419033363,5324666,6276.268476370161
corun,l2hot,C_diff_socket,5,wb_load,8,24.839,0.9966,0.0,33422182900,5321434,6280.672258643065
baseline,l2hot,D_both_sockets,1,,,,0.9966,0.0,33466390808,5328604,6280.517525415662
corun,l2hot,D_both_sockets,1,wb_load,8,25.137,0.9957,0.0,33435337368,5319037,6285.975707256784
corun,l2hot,D_both_sockets,1,wc_ntdqa,12,24.673,0.9954,0.0,33431561290,5316633,6288.1077723438875
baseline,l2hot,D_both_sockets,2,,,,0.9966,0.0,33460463951,5327522,6280.6805773866345
corun,l2hot,D_both_sockets,2,wc_ntdqa,12,24.689,0.9957,0.0,33424136291,5317287,6285.937977581424
corun,l2hot,D_both_sockets,2,wb_load,8,25.112,0.9965,0.0,33429117876,5322387,6280.850655166563
baseline,l2hot,D_both_sockets,3,,,,0.9956,0.0,33469399597,5323986,6286.530354700407
corun,l2hot,D_both_sockets,3,wb_load,8,25.118,0.9964,0.0,33433739385,5322378,6281.729592486667
corun,l2hot,D_both_sockets,3,wc_ntdqa,12,24.617,0.9945,0.0,33424611249,5310933,6293.547903729909
baseline,l2hot,D_both_sockets,4,,,,0.9945,0.0,33452632007,5315227,6293.735339431411
corun,l2hot,D_both_sockets,4,wb_load,8,25.133,0.9965,0.0,33424911723,5321764,6280.795563839359
corun,l2hot,D_both_sockets,4,wc_ntdqa,12,24.568,0.9966,0.0,33429651522,5322688,6280.595729450984
baseline,l2hot,D_both_sockets,5,,,,0.9944,0.0,33448270116,5314062,6294.29429238876
corun,l2hot,D_both_sockets,5,wb_load,8,25.139,0.9957,0.0,33422522307,5316834,6286.169985182912
corun,l2hot,D_both_sockets,5,wc_ntdqa,12,24.557,0.9957,0.0,33419923847,5316326,6286.2818884695935
baseline,chase,A_same_ccd,1,,,,0.0446,85.67,33389340885,9085,3675216.3880022014
corun,chase,A_same_ccd,1,wb_load,1,15.816,0.0118,87.14,33371659674,2393,13945532.667781029
corun,chase,A_same_ccd,1,wc_ntdqa,12,17.849,0.0454,86.3,33386148820,9243,3612046.8267878396
baseline,chase,A_same_ccd,2,,,,0.0449,88.37,33385063972,9150,3648640.8712568306
corun,chase,A_same_ccd,2,wc_ntdqa,12,17.84,0.0455,85.83,33378062752,9272,3599877.3459879206
corun,chase,A_same_ccd,2,wb_load,1,15.819,0.012,85.57,33368677861,2446,13642141.398609975
baseline,chase,A_same_ccd,3,,,,0.0457,85.69,33396410922,9314,3585614.2282585357
corun,chase,A_same_ccd,3,wc_ntdqa,12,17.844,0.0449,88.12,33386067346,9138,3653542.060188225
corun,chase,A_same_ccd,3,wb_load,1,15.817,0.0118,87.16,33370102590,2398,13915805.917431192
baseline,chase,A_same_ccd,4,,,,0.045,84.58,33387427980,9160,3644915.7183406116
corun,chase,A_same_ccd,4,wb_load,1,15.819,0.0115,88.74,33366601234,2344,14234898.137372013
corun,chase,A_same_ccd,4,wc_ntdqa,12,17.841,0.0458,85.1,33382809347,9317,3582999.822582376
baseline,chase,A_same_ccd,5,,,,0.0444,86.26,33394510935,9050,3690001.2082872926
corun,chase,A_same_ccd,5,wc_ntdqa,12,17.827,0.0441,86.73,33382760240,8976,3719113.2174688056
corun,chase,A_same_ccd,5,wb_load,1,15.818,0.0121,85.56,33367845192,2454,13597328.929095354
baseline,chase,B_diff_ccd_same_socket,1,,,,0.0454,86.81,33389929537,9246,3611283.7483235993
corun,chase,B_diff_ccd_same_socket,1,wc_ntdqa,11,24.821,0.0434,88.31,33326184022,8831,3773772.3951987317
corun,chase,B_diff_ccd_same_socket,1,wb_load,8,24.85,0.0353,99.23,33314518873,7165,4649618.823866015
baseline,chase,B_diff_ccd_same_socket,2,,,,0.046,84.67,33382983195,9372,3561991.378040973
corun,chase,B_diff_ccd_same_socket,2,wc_ntdqa,11,24.793,0.045,87.39,33330559338,9144,3645074.2933070865
corun,chase,B_diff_ccd_same_socket,2,wb_load,8,24.805,0.0352,98.96,33309291638,7147,4660597.682664054
baseline,chase,B_diff_ccd_same_socket,3,,,,0.0453,87.28,33377096826,9213,3622826.0963855423
corun,chase,B_diff_ccd_same_socket,3,wc_ntdqa,11,24.797,0.0446,84.76,33316612941,9067,3674491.335722951
corun,chase,B_diff_ccd_same_socket,3,wb_load,8,24.864,0.0352,99.28,33308150431,7151,4657831.132848552
baseline,chase,B_diff_ccd_same_socket,4,,,,0.0451,87.26,33381905121,9177,3637561.852566198
corun,chase,B_diff_ccd_same_socket,4,wc_ntdqa,11,24.804,0.0458,84.75,33333754211,9307,3581578.834318255
corun,chase,B_diff_ccd_same_socket,4,wb_load,8,24.897,0.0353,99.07,33331042171,7179,4642853.06741886
baseline,chase,B_diff_ccd_same_socket,5,,,,0.0453,87.06,33392390549,9233,3616634.9560272936
corun,chase,B_diff_ccd_same_socket,5,wc_ntdqa,11,24.788,0.0455,85.67,33344444875,9249,3605194.6021191482
corun,chase,B_diff_ccd_same_socket,5,wb_load,8,24.889,0.0353,99.06,33327875526,7173,4646295.207862819
baseline,chase,C_diff_socket,1,,,,0.0457,85.66,33403747152,9317,3585247.0915530752
corun,chase,C_diff_socket,1,wb_load,8,24.782,0.0446,85.67,33376327465,9082,3674997.518718344
corun,chase,C_diff_socket,1,wc_ntdqa,11,24.81,0.0455,86.3,33353947578,9262,3601160.394947096
baseline,chase,C_diff_socket,2,,,,0.0461,84.59,33407477310,9384,3560046.601662404
corun,chase,C_diff_socket,2,wc_ntdqa,11,24.816,0.0455,86.33,33359492526,9265,3600592.825256341
corun,chase,C_diff_socket,2,wb_load,8,24.857,0.045,88.32,33374527910,9152,3646692.2978583914
baseline,chase,C_diff_socket,3,,,,0.0446,85.74,33407326375,9087,3676386.7475514472
corun,chase,C_diff_socket,3,wb_load,8,24.798,0.0457,85.69,33363285109,9307,3584751.8114322554
corun,chase,C_diff_socket,3,wc_ntdqa,11,24.815,0.0453,87.3,33362319599,9211,3622008.4246010203
baseline,chase,C_diff_socket,4,,,,0.0453,87.24,33402400396,9220,3622819.9995661606
corun,chase,C_diff_socket,4,wc_ntdqa,11,24.814,0.0444,86.24,33363828576,9043,3689464.6219175053
corun,chase,C_diff_socket,4,wb_load,8,24.829,0.0446,85.62,33370764028,9087,3672363.1592384726
baseline,chase,C_diff_socket,5,,,,0.0441,87.2,33407855244,8985,3718180.8841402335
corun,chase,C_diff_socket,5,wb_load,8,24.795,0.0445,86.18,33380437576,9050,3688446.140994475
corun,chase,C_diff_socket,5,wc_ntdqa,11,24.829,0.045,84.59,33358239955,9159,3642126.8648324055
baseline,chase,D_both_sockets,1,,,,0.0455,86.19,33398208877,9278,3599720.7239706833
corun,chase,D_both_sockets,1,wc_ntdqa,12,24.575,0.0459,85.25,33373247506,9334,3575449.700664238
corun,chase,D_both_sockets,1,wb_load,8,25.127,0.0448,85.13,33372118720,9119,3659624.8185108015
baseline,chase,D_both_sockets,2,,,,0.0457,85.73,33412016040,9312,3588060.1417525774
corun,chase,D_both_sockets,2,wb_load,8,25.128,0.045,88.34,33381144729,9152,3647415.28944493
corun,chase,D_both_sockets,2,wc_ntdqa,12,24.616,0.0459,85.01,33371108246,9350,3569102.4862032086
baseline,chase,D_both_sockets,3,,,,0.0456,86.2,33405203936,9282,3598923.070028011
corun,chase,D_both_sockets,3,wb_load,8,25.142,0.0457,85.78,33369657342,9300,3588135.1980645163
corun,chase,D_both_sockets,3,wc_ntdqa,12,24.687,0.0458,85.36,33378504599,9327,3578696.7512597833
baseline,chase,D_both_sockets,4,,,,0.0459,85.2,33403032918,9349,3572899.017862873
corun,chase,D_both_sockets,4,wc_ntdqa,12,24.625,0.0445,85.96,33369655731,9062,3682372.073604061
corun,chase,D_both_sockets,4,wb_load,8,25.137,0.0459,85.16,33370609139,9334,3575167.038675809
baseline,chase,D_both_sockets,5,,,,0.0456,86.27,33405342301,9281,3599325.7516431417
corun,chase,D_both_sockets,5,wc_ntdqa,12,24.481,0.0443,86.68,33379533308,9017,3701844.6609737165
corun,chase,D_both_sockets,5,wb_load,8,25.15,0.045,84.64,33373559723,9153,3646188.104774391
