condition,n_cores,trial,cycles_per_load,total_loads,elapsed_sec,imc_bw_total_gbps,imc_bw_read_gbps,imc_bw_write_gbps,imc_fallback,agg_reported_bw
Q,0,0,81.483,34362560,1.0,0.0,0.0,0.0,False,0.0
Q,0,1,81.396,34399552,1.0,0.0,0.0,0.0,False,0.0
Q,0,2,81.429,34385632,1.0,0.0,0.0,0.0,False,0.0
Q,0,3,81.448,34377344,1.0,0.0,0.0,0.0,False,0.0
Q,0,4,81.436,34382368,1.0,0.0,0.0,0.0,False,0.0
Q,0,5,81.442,34380000,1.0,0.0,0.0,0.0,False,0.0
Q,0,6,81.404,34395872,1.0,0.0,0.0,0.0,False,0.0
Q,0,7,81.42,34389280,1.0,0.0,0.0,0.0,False,0.0
Q,0,8,81.409,34393888,1.0,0.0,0.0,0.0,False,0.0
Q,0,9,81.408,34394400,1.0,0.0,0.0,0.0,False,0.0
Q,0,10,81.437,34382048,1.0,0.0,0.0,0.0,False,0.0
Q,0,11,81.43,34385152,1.0,0.0,0.0,0.0,False,0.0
Q,0,12,81.412,34392608,1.0,0.0,0.0,0.0,False,0.0
Q,0,13,81.41,34393664,1.0,0.0,0.0,0.0,False,0.0
Q,0,14,81.429,34385280,1.0,0.0,0.0,0.0,False,0.0
Q,0,15,81.444,34379360,1.0,0.0,0.0,0.0,False,0.0
Q,0,16,81.416,34390816,1.0,0.0,0.0,0.0,False,0.0
Q,0,17,81.426,34386624,1.0,0.0,0.0,0.0,False,0.0
Q,0,18,81.442,34379904,1.0,0.0,0.0,0.0,False,0.0
Q,0,19,81.421,34388672,1.0,0.0,0.0,0.0,False,0.0
A,2,0,292.576,9570112,1.0,16.0,15.94,0.07,False,2.08
A,2,1,284.719,9834208,1.0,16.0,15.94,0.07,False,2.08
A,2,2,272.879,10260928,1.0,16.0,15.94,0.07,False,2.08
A,2,3,270.259,10360384,1.0,16.0,15.94,0.07,False,2.08
A,2,4,267.948,10449728,1.0,16.0,15.94,0.07,False,2.08
A,2,5,264.986,10566560,1.0,16.0,15.94,0.07,False,2.08
A,2,6,255.858,10943520,1.0,16.0,15.94,0.07,False,2.08
A,2,7,257.043,10893088,1.0,16.0,15.94,0.07,False,2.08
A,2,8,255.853,10943744,1.0,16.0,15.94,0.07,False,2.08
A,2,9,254.177,11015904,1.0,16.0,15.94,0.07,False,2.08
A,2,10,244.38,11457536,1.0,16.0,15.94,0.07,False,2.08
A,2,11,246.337,11366464,1.0,16.0,15.94,0.07,False,2.08
A,2,12,246.787,11345792,1.0,16.0,15.94,0.07,False,2.08
A,2,13,240.477,11643456,1.0,16.0,15.94,0.07,False,2.08
A,2,14,243.121,11516832,1.0,16.0,15.94,0.07,False,2.08
A,2,15,242.578,11542624,1.0,16.0,15.94,0.07,False,2.08
A,2,16,243.911,11479520,1.0,16.0,15.94,0.07,False,2.08
A,2,17,243.472,11500256,1.0,16.0,15.94,0.07,False,2.08
A,2,18,239.378,11696896,1.0,16.0,15.94,0.07,False,2.08
A,2,19,232.795,12027712,1.0,16.0,15.94,0.07,False,2.08
B,2,0,287.95,9723904,1.0,14.33,14.27,0.06,False,2.06
B,2,1,274.532,10199136,1.0,14.33,14.27,0.06,False,2.06
B,2,2,254.115,11018592,1.0,14.33,14.27,0.06,False,2.06
B,2,3,245.014,11427872,1.0,14.33,14.27,0.06,False,2.06
B,2,4,234.85,11922464,1.0,14.33,14.27,0.06,False,2.06
B,2,5,222.97,12557696,1.0,14.33,14.27,0.06,False,2.06
B,2,6,206.747,13543104,1.0,14.33,14.27,0.06,False,2.06
B,2,7,197.962,14144032,1.0,14.33,14.27,0.06,False,2.06
B,2,8,187.392,14941856,1.0,14.33,14.27,0.06,False,2.06
B,2,9,176.179,15892832,1.0,14.33,14.27,0.06,False,2.06
B,2,10,160.235,17474304,1.0,14.33,14.27,0.06,False,2.06
B,2,11,151.156,18523808,1.0,14.33,14.27,0.06,False,2.06
B,2,12,143.235,19548224,1.0,14.33,14.27,0.06,False,2.06
B,2,13,134.403,20832864,1.0,14.33,14.27,0.06,False,2.06
B,2,14,131.912,21226240,1.0,14.33,14.27,0.06,False,2.06
B,2,15,129.871,21559712,1.0,14.33,14.27,0.06,False,2.06
B,2,16,128.449,21798400,1.0,14.33,14.27,0.06,False,2.06
B,2,17,123.612,22651424,1.0,14.33,14.27,0.06,False,2.06
B,2,18,120.106,23312608,1.0,14.33,14.27,0.06,False,2.06
B,2,19,117.812,23766560,1.0,14.33,14.27,0.06,False,2.06
A,3,0,300.863,9306528,1.0,23.73,23.67,0.06,False,3.18
A,3,1,296.856,9432160,1.0,23.73,23.67,0.06,False,3.18
A,3,2,291.12,9617984,1.0,23.73,23.67,0.06,False,3.18
A,3,3,288.563,9703200,1.0,23.73,23.67,0.06,False,3.18
A,3,4,286.943,9758016,1.0,23.73,23.67,0.06,False,3.18
A,3,5,285.383,9811328,1.0,23.73,23.67,0.06,False,3.18
A,3,6,276.744,10117632,1.0,23.73,23.67,0.06,False,3.18
A,3,7,277.072,10105664,1.0,23.73,23.67,0.06,False,3.18
A,3,8,278.021,10071136,1.0,23.73,23.67,0.06,False,3.18
A,3,9,278.853,10041088,1.0,23.73,23.67,0.06,False,3.18
A,3,10,274.177,10212352,1.0,23.73,23.67,0.06,False,3.18
A,3,11,275.769,10153376,1.0,23.73,23.67,0.06,False,3.18
A,3,12,276.092,10141504,1.0,23.73,23.67,0.06,False,3.18
A,3,13,274.814,10188704,1.0,23.73,23.67,0.06,False,3.18
A,3,14,274.944,10183872,1.0,23.73,23.67,0.06,False,3.18
A,3,15,274.948,10183712,1.0,23.73,23.67,0.06,False,3.18
A,3,16,275.207,10174112,1.0,23.73,23.67,0.06,False,3.18
A,3,17,274.92,10184736,1.0,23.73,23.67,0.06,False,3.18
A,3,18,274.744,10191264,1.0,23.73,23.67,0.06,False,3.18
A,3,19,269.839,10376512,1.0,23.73,23.67,0.06,False,3.18
B,3,0,296.683,9437632,1.0,21.29,21.24,0.05,False,3.05
B,3,1,288.941,9690560,1.0,21.29,21.24,0.05,False,3.05
B,3,2,278.274,10061984,1.0,21.29,21.24,0.05,False,3.05
B,3,3,273.963,10220352,1.0,21.29,21.24,0.05,False,3.05
B,3,4,268.922,10411936,1.0,21.29,21.24,0.05,False,3.05
B,3,5,263.37,10631392,1.0,21.29,21.24,0.05,False,3.05
B,3,6,251.19,11146912,1.0,21.29,21.24,0.05,False,3.05
B,3,7,246.797,11345312,1.0,21.29,21.24,0.05,False,3.05
B,3,8,242.782,11532928,1.0,21.29,21.24,0.05,False,3.05
B,3,9,241.249,11606240,1.0,21.29,21.24,0.05,False,3.05
B,3,10,231.705,12084320,1.0,21.29,21.24,0.05,False,3.05
B,3,11,229.023,12225824,1.0,21.29,21.24,0.05,False,3.05
B,3,12,224.262,12485344,1.0,21.29,21.24,0.05,False,3.05
B,3,13,217.843,12853280,1.0,21.29,21.24,0.05,False,3.05
B,3,14,213.013,13144672,1.0,21.29,21.24,0.05,False,3.05
B,3,15,207.707,13480448,1.0,21.29,21.24,0.05,False,3.05
B,3,16,202.579,13821728,1.0,21.29,21.24,0.05,False,3.05
B,3,17,197.45,14180736,1.0,21.29,21.24,0.05,False,3.05
B,3,18,190.312,14712608,1.0,21.29,21.24,0.05,False,3.05
B,3,19,179.347,15612192,1.0,21.29,21.24,0.05,False,3.05
A,4,0,306.675,9130144,1.0,31.27,31.22,0.05,False,4.18
A,4,1,303.621,9221984,1.0,31.27,31.22,0.05,False,4.18
A,4,2,301.061,9300416,1.0,31.27,31.22,0.05,False,4.18
A,4,3,299.772,9340384,1.0,31.27,31.22,0.05,False,4.18
A,4,4,299.034,9363456,1.0,31.27,31.22,0.05,False,4.18
A,4,5,298.865,9368736,1.0,31.27,31.22,0.05,False,4.18
A,4,6,289.598,9668544,1.0,31.27,31.22,0.05,False,4.18
A,4,7,291.374,9609600,1.0,31.27,31.22,0.05,False,4.18
A,4,8,292.984,9556800,1.0,31.27,31.22,0.05,False,4.18
A,4,9,293.178,9550496,1.0,31.27,31.22,0.05,False,4.18
A,4,10,290.48,9639200,1.0,31.27,31.22,0.05,False,4.18
A,4,11,291.386,9609216,1.0,31.27,31.22,0.05,False,4.18
A,4,12,292.261,9580448,1.0,31.27,31.22,0.05,False,4.18
A,4,13,292.8,9562816,1.0,31.27,31.22,0.05,False,4.18
A,4,14,292.555,9570816,1.0,31.27,31.22,0.05,False,4.18
A,4,15,293.174,9550592,1.0,31.27,31.22,0.05,False,4.18
A,4,16,293.145,9551552,1.0,31.27,31.22,0.05,False,4.18
A,4,17,293.011,9555936,1.0,31.27,31.22,0.05,False,4.18
A,4,18,293.643,9535360,1.0,31.27,31.22,0.05,False,4.18
A,4,19,289.323,9677728,1.0,31.27,31.22,0.05,False,4.18
B,4,0,302.425,9258464,1.0,27.49,27.44,0.06,False,4.24
B,4,1,295.663,9470208,1.0,27.49,27.44,0.06,False,4.24
B,4,2,287.661,9733632,1.0,27.49,27.44,0.06,False,4.24
B,4,3,280.803,9971360,1.0,27.49,27.44,0.06,False,4.24
B,4,4,277.127,10103648,1.0,27.49,27.44,0.06,False,4.24
B,4,5,273.499,10237632,1.0,27.49,27.44,0.06,False,4.24
B,4,6,261.838,10693600,1.0,27.49,27.44,0.06,False,4.24
B,4,7,258.191,10844640,1.0,27.49,27.44,0.06,False,4.24
B,4,8,255.461,10960512,1.0,27.49,27.44,0.06,False,4.24
B,4,9,251.927,11114304,1.0,27.49,27.44,0.06,False,4.24
B,4,10,246.276,11369312,1.0,27.49,27.44,0.06,False,4.24
B,4,11,242.381,11552000,1.0,27.49,27.44,0.06,False,4.24
B,4,12,238.832,11723680,1.0,27.49,27.44,0.06,False,4.24
B,4,13,235.117,11908928,1.0,27.49,27.44,0.06,False,4.24
B,4,14,231.093,12116288,1.0,27.49,27.44,0.06,False,4.24
B,4,15,226.293,12373312,1.0,27.49,27.44,0.06,False,4.24
B,4,16,222.45,12587072,1.0,27.49,27.44,0.06,False,4.24
B,4,17,218.398,12820576,1.0,27.49,27.44,0.06,False,4.24
B,4,18,214.116,13076992,1.0,27.49,27.44,0.06,False,4.24
B,4,19,205.938,13596288,1.0,27.49,27.44,0.06,False,4.24
