condition,n_aggr_cores,trial,cycles_per_load,total_loads,elapsed_sec,tsc_hz,aggregate_bw_gbps,msr_1a4_sample
Q,0,0,81.441,34380320,1.0,2799975616,0.0,N/A
Q,0,1,81.421,34388736,1.0,2799975616,0.0,N/A
Q,0,2,81.434,34383232,1.0,2799975616,0.0,N/A
Q,0,3,81.437,34382304,1.0,2799975616,0.0,N/A
Q,0,4,81.426,34386720,1.0,2799975616,0.0,N/A
Q,0,5,81.439,34381152,1.0,2799975616,0.0,N/A
Q,0,6,81.423,34388000,1.0,2799975616,0.0,N/A
Q,0,7,81.447,34377920,1.0,2799975616,0.0,N/A
Q,0,8,81.459,34372928,1.0,2799975616,0.0,N/A
Q,0,9,81.448,34377280,1.0,2799975616,0.0,N/A
Q,0,10,81.479,34364256,1.0,2799975616,0.0,N/A
Q,0,11,81.445,34378752,1.0,2799975616,0.0,N/A
Q,0,12,81.424,34387616,1.0,2799975616,0.0,N/A
Q,0,13,81.465,34370144,1.0,2799975616,0.0,N/A
Q,0,14,81.433,34383808,1.0,2799975616,0.0,N/A
Q,0,15,81.434,34383392,1.0,2799975616,0.0,N/A
Q,0,16,81.425,34387072,1.0,2799975616,0.0,N/A
Q,0,17,81.438,34381888,1.0,2799975616,0.0,N/A
Q,0,18,81.434,34383232,1.0,2799975616,0.0,N/A
Q,0,19,81.483,34362560,1.0,2799975616,0.0,N/A
Q,0,20,81.432,34384032,1.0,2799975616,0.0,N/A
Q,0,21,81.438,34381792,1.0,2799975616,0.0,N/A
Q,0,22,81.429,34385344,1.0,2799975616,0.0,N/A
Q,0,23,81.407,34394944,1.0,2799975616,0.0,N/A
Q,0,24,81.435,34382848,1.0,2799975616,0.0,N/A
Q,0,25,81.441,34380544,1.0,2799975616,0.0,N/A
Q,0,26,81.433,34383904,1.0,2799975616,0.0,N/A
Q,0,27,81.437,34382080,1.0,2799975616,0.0,N/A
Q,0,28,81.431,34384672,1.0,2799975616,0.0,N/A
Q,0,29,81.464,34370912,1.0,2799975616,0.0,N/A
A,2,0,292.897,9559616,1.0,2799980635,2.08,None
A,2,1,285.489,9807680,1.0,2799980635,2.08,None
A,2,2,273.165,10250144,1.0,2799980635,2.08,None
A,2,3,269.861,10375648,1.0,2799980635,2.08,None
A,2,4,266.672,10499744,1.0,2799980635,2.08,None
A,2,5,263.269,10635424,1.0,2799980635,2.08,None
A,2,6,254.761,10990624,1.0,2799980635,2.08,None
A,2,7,256.116,10932512,1.0,2799980635,2.08,None
A,2,8,255.011,10979840,1.0,2799980635,2.08,None
A,2,9,254.034,11022080,1.0,2799980635,2.08,None
A,2,10,243.399,11503648,1.0,2799980635,2.08,None
A,2,11,245.627,11399328,1.0,2799980635,2.08,None
A,2,12,242.491,11546720,1.0,2799980635,2.08,None
A,2,13,236.341,11847232,1.0,2799980635,2.08,None
A,2,14,237.136,11807520,1.0,2799980635,2.08,None
A,2,15,237.379,11795424,1.0,2799980635,2.08,None
A,2,16,237.688,11780096,1.0,2799980635,2.08,None
A,2,17,238.795,11725472,1.0,2799980635,2.08,None
A,2,18,233.385,11997248,1.0,2799980635,2.08,None
A,2,19,225.437,12420256,1.0,2799980635,2.08,None
A,2,20,218.889,12791808,1.0,2799980635,2.08,None
A,2,21,214.341,13063200,1.0,2799980635,2.08,None
A,2,22,212.317,13187744,1.0,2799980635,2.08,None
A,2,23,217.155,12893920,1.0,2799980635,2.08,None
A,2,24,220.305,12709600,1.0,2799980635,2.08,None
A,2,25,222.932,12559840,1.0,2799980635,2.08,None
A,2,26,224.162,12490912,1.0,2799980635,2.08,None
A,2,27,224.99,12444960,1.0,2799980635,2.08,None
A,2,28,227.029,12333152,1.0,2799980635,2.08,None
A,2,29,222.17,12602912,1.0,2799980635,2.08,None
B,3,0,295.356,9480032,1.0,2799981063,3.17,None
B,3,1,283.467,9877632,1.0,2799981063,3.17,None
B,3,2,269.418,10392704,1.0,2799981063,3.17,None
B,3,3,262.821,10653568,1.0,2799981063,3.17,None
B,3,4,255.249,10969632,1.0,2799981063,3.17,None
B,3,5,247.356,11319648,1.0,2799981063,3.17,None
B,3,6,234.041,11963616,1.0,2799981063,3.17,None
B,3,7,228.457,12256064,1.0,2799981063,3.17,None
B,3,8,220.553,12695264,1.0,2799981063,3.17,None
B,3,9,212.874,13153216,1.0,2799981063,3.17,None
B,3,10,199.628,14026048,1.0,2799981063,3.17,None
B,3,11,190.599,14690432,1.0,2799981063,3.17,None
B,3,12,181.431,15432800,1.0,2799981063,3.17,None
B,3,13,167.676,16698752,1.0,2799981063,3.17,None
B,3,14,159.718,17530752,1.0,2799981063,3.17,None
B,3,15,151.958,18425984,1.0,2799981063,3.17,None
B,3,16,146.168,19155968,1.0,2799981063,3.17,None
B,3,17,140.676,19903840,1.0,2799981063,3.17,None
B,3,18,133.846,20919456,1.0,2799981063,3.17,None
B,3,19,127.597,21944000,1.0,2799981063,3.17,None
B,3,20,122.93,22777152,1.0,2799981063,3.17,None
B,3,21,117.818,23765376,1.0,2799981063,3.17,None
B,3,22,115.546,24232704,1.0,2799981063,3.17,None
B,3,23,114.934,24361600,1.0,2799981063,3.17,None
B,3,24,112.121,24972832,1.0,2799981063,3.17,None
B,3,25,109.384,25597664,1.0,2799981063,3.17,None
B,3,26,108.503,25805664,1.0,2799981063,3.17,None
B,3,27,107.375,26076576,1.0,2799981063,3.17,None
B,3,28,107.861,25959136,1.0,2799981063,3.17,None
B,3,29,105.625,26508608,1.0,2799981063,3.17,None
C,3,0,292.37,9576832,1.0,2799965248,3.14,None
C,3,1,278.899,10039392,1.0,2799965248,3.14,None
C,3,2,261.075,10724768,1.0,2799965248,3.14,None
C,3,3,248.17,11282464,1.0,2799965248,3.14,None
C,3,4,234.925,11918560,1.0,2799965248,3.14,None
C,3,5,222.167,12603008,1.0,2799965248,3.14,None
C,3,6,202.593,13820640,1.0,2799965248,3.14,None
C,3,7,188.176,14879552,1.0,2799965248,3.14,None
C,3,8,173.357,16151424,1.0,2799965248,3.14,None
C,3,9,159.758,17526336,1.0,2799965248,3.14,None
C,3,10,144.575,19366848,1.0,2799965248,3.14,None
C,3,11,135.836,20612832,1.0,2799965248,3.14,None
C,3,12,128.394,21807648,1.0,2799965248,3.14,None
C,3,13,120.758,23186496,1.0,2799965248,3.14,None
C,3,14,116.856,23960864,1.0,2799965248,3.14,None
C,3,15,112.762,24830848,1.0,2799965248,3.14,None
C,3,16,110.318,25380928,1.0,2799965248,3.14,None
C,3,17,107.909,25947488,1.0,2799965248,3.14,None
C,3,18,105.088,26644096,1.0,2799965248,3.14,None
C,3,19,103.142,27146688,1.0,2799965248,3.14,None
C,3,20,101.825,27497824,1.0,2799965248,3.14,None
C,3,21,99.72,28078368,1.0,2799965248,3.14,None
C,3,22,98.361,28466144,1.0,2799965248,3.14,None
C,3,23,98.091,28544448,1.0,2799965248,3.14,None
C,3,24,97.349,28762048,1.0,2799965248,3.14,None
C,3,25,96.894,28897312,1.0,2799965248,3.14,None
C,3,26,97.11,28833056,1.0,2799965248,3.14,None
C,3,27,98.316,28479168,1.0,2799965248,3.14,None
C,3,28,97.494,28719520,1.0,2799965248,3.14,None
C,3,29,97.919,28594656,1.0,2799965248,3.14,None
D,2,0,281.299,9953792,1.0,2799985108,2.11,None
D,2,1,261.246,10717856,1.0,2799985108,2.11,None
D,2,2,231.563,12091680,1.0,2799985108,2.11,None
D,2,3,211.866,13215840,1.0,2799985108,2.11,None
D,2,4,189.307,14790688,1.0,2799985108,2.11,None
D,2,5,163.498,17125504,1.0,2799985108,2.11,None
D,2,6,143.019,19577760,1.0,2799985108,2.11,None
D,2,7,128.615,21770240,1.0,2799985108,2.11,None
D,2,8,118.903,23548576,1.0,2799985108,2.11,None
D,2,9,111.236,25171680,1.0,2799985108,2.11,None
D,2,10,105.894,26441440,1.0,2799985108,2.11,None
D,2,11,101.888,27481152,1.0,2799985108,2.11,None
D,2,12,99.468,28149696,1.0,2799985108,2.11,None
D,2,13,97.73,28650208,1.0,2799985108,2.11,None
D,2,14,96.603,28984320,1.0,2799985108,2.11,None
D,2,15,96.81,28922432,1.0,2799985108,2.11,None
D,2,16,96.237,29094592,1.0,2799985108,2.11,None
D,2,17,96.3,29075552,1.0,2799985108,2.11,None
D,2,18,96.068,29145888,1.0,2799985108,2.11,None
D,2,19,95.773,29235584,1.0,2799985108,2.11,None
D,2,20,95.735,29247232,1.0,2799985108,2.11,None
D,2,21,95.688,29261472,1.0,2799985108,2.11,None
D,2,22,96.317,29070528,1.0,2799985108,2.11,None
D,2,23,96.03,29157440,1.0,2799985108,2.11,None
D,2,24,96.988,28869536,1.0,2799985108,2.11,None
D,2,25,97.727,28651200,1.0,2799985108,2.11,None
D,2,26,96.902,28895168,1.0,2799985108,2.11,None
D,2,27,96.605,28983840,1.0,2799985108,2.11,None
D,2,28,97.536,28707328,1.0,2799985108,2.11,None
D,2,29,96.414,29041216,1.0,2799985108,2.11,None
