condition,n_aggr_cores,trial,agg_bw_gbps,sf_evict_total,sf_evict_rate,sf_victim_retry,tor_drd_pref,pmu_raw
A,1,0,1.02,284803,56961.0,0,792303560,"{""unc_cha_core_snp.evict_one"": 209311, ""unc_cha_core_snp.evict_gtone"": 75492, ""unc_cha_rxc_req_q1_retry.sf_victim"": 0, ""unc_cha_tor_inserts.ia_drd_pref"": 792303560, ""unc_cha_tor_inserts.ia_drd"": 522062424}"
A,1,1,1.02,267674,53535.0,0,797014864,"{""unc_cha_core_snp.evict_one"": 189742, ""unc_cha_core_snp.evict_gtone"": 77932, ""unc_cha_rxc_req_q1_retry.sf_victim"": 0, ""unc_cha_tor_inserts.ia_drd_pref"": 797014864, ""unc_cha_tor_inserts.ia_drd"": 534769072}"
A,1,2,1.03,884630,176926.0,0,825382026,"{""unc_cha_core_snp.evict_one"": 541425, ""unc_cha_core_snp.evict_gtone"": 343205, ""unc_cha_rxc_req_q1_retry.sf_victim"": 0, ""unc_cha_tor_inserts.ia_drd_pref"": 825382026, ""unc_cha_tor_inserts.ia_drd"": 510131481}"
A,1,3,1.03,473661,94732.0,0,845481149,"{""unc_cha_core_snp.evict_one"": 369835, ""unc_cha_core_snp.evict_gtone"": 103826, ""unc_cha_rxc_req_q1_retry.sf_victim"": 0, ""unc_cha_tor_inserts.ia_drd_pref"": 845481149, ""unc_cha_tor_inserts.ia_drd"": 491247388}"
A,1,4,1.05,288377,57675.0,0,818708913,"{""unc_cha_core_snp.evict_one"": 214486, ""unc_cha_core_snp.evict_gtone"": 73891, ""unc_cha_rxc_req_q1_retry.sf_victim"": 0, ""unc_cha_tor_inserts.ia_drd_pref"": 818708913, ""unc_cha_tor_inserts.ia_drd"": 534351987}"
A,1,5,1.03,352754,70551.0,0,850233050,"{""unc_cha_core_snp.evict_one"": 254445, ""unc_cha_core_snp.evict_gtone"": 98309, ""unc_cha_rxc_req_q1_retry.sf_victim"": 0, ""unc_cha_tor_inserts.ia_drd_pref"": 850233050, ""unc_cha_tor_inserts.ia_drd"": 479491354}"
A,1,6,1.02,325661,65132.0,0,831746584,"{""unc_cha_core_snp.evict_one"": 225859, ""unc_cha_core_snp.evict_gtone"": 99802, ""unc_cha_rxc_req_q1_retry.sf_victim"": 0, ""unc_cha_tor_inserts.ia_drd_pref"": 831746584, ""unc_cha_tor_inserts.ia_drd"": 492198175}"
A,1,7,1.03,273216,54643.0,0,838023571,"{""unc_cha_core_snp.evict_one"": 193093, ""unc_cha_core_snp.evict_gtone"": 80123, ""unc_cha_rxc_req_q1_retry.sf_victim"": 0, ""unc_cha_tor_inserts.ia_drd_pref"": 838023571, ""unc_cha_tor_inserts.ia_drd"": 494938521}"
A,1,8,1.03,280778,56156.0,0,820251037,"{""unc_cha_core_snp.evict_one"": 197210, ""unc_cha_core_snp.evict_gtone"": 83568, ""unc_cha_rxc_req_q1_retry.sf_victim"": 0, ""unc_cha_tor_inserts.ia_drd_pref"": 820251037, ""unc_cha_tor_inserts.ia_drd"": 511686264}"
A,1,9,1.04,318346,63669.0,0,845882550,"{""unc_cha_core_snp.evict_one"": 234836, ""unc_cha_core_snp.evict_gtone"": 83510, ""unc_cha_rxc_req_q1_retry.sf_victim"": 0, ""unc_cha_tor_inserts.ia_drd_pref"": 845882550, ""unc_cha_tor_inserts.ia_drd"": 507518204}"
A,3,0,3.09,454889,90978.0,0,2512420595,"{""unc_cha_core_snp.evict_one"": 278946, ""unc_cha_core_snp.evict_gtone"": 175943, ""unc_cha_rxc_req_q1_retry.sf_victim"": 0, ""unc_cha_tor_inserts.ia_drd_pref"": 2512420595, ""unc_cha_tor_inserts.ia_drd"": 1329885283}"
A,3,1,3.2,492791,98558.0,0,2383310454,"{""unc_cha_core_snp.evict_one"": 310653, ""unc_cha_core_snp.evict_gtone"": 182138, ""unc_cha_rxc_req_q1_retry.sf_victim"": 0, ""unc_cha_tor_inserts.ia_drd_pref"": 2383310454, ""unc_cha_tor_inserts.ia_drd"": 1427333729}"
A,3,2,3.17,406920,81384.0,0,2411144850,"{""unc_cha_core_snp.evict_one"": 249353, ""unc_cha_core_snp.evict_gtone"": 157567, ""unc_cha_rxc_req_q1_retry.sf_victim"": 0, ""unc_cha_tor_inserts.ia_drd_pref"": 2411144850, ""unc_cha_tor_inserts.ia_drd"": 1364610964}"
A,3,3,3.09,420394,84079.0,0,2436808759,"{""unc_cha_core_snp.evict_one"": 252879, ""unc_cha_core_snp.evict_gtone"": 167515, ""unc_cha_rxc_req_q1_retry.sf_victim"": 0, ""unc_cha_tor_inserts.ia_drd_pref"": 2436808759, ""unc_cha_tor_inserts.ia_drd"": 1403169645}"
A,3,4,3.14,411950,82390.0,0,2436059434,"{""unc_cha_core_snp.evict_one"": 253947, ""unc_cha_core_snp.evict_gtone"": 158003, ""unc_cha_rxc_req_q1_retry.sf_victim"": 0, ""unc_cha_tor_inserts.ia_drd_pref"": 2436059434, ""unc_cha_tor_inserts.ia_drd"": 1392834878}"
A,3,5,3.11,425415,85083.0,0,2416257621,"{""unc_cha_core_snp.evict_one"": 271304, ""unc_cha_core_snp.evict_gtone"": 154111, ""unc_cha_rxc_req_q1_retry.sf_victim"": 0, ""unc_cha_tor_inserts.ia_drd_pref"": 2416257621, ""unc_cha_tor_inserts.ia_drd"": 1442683364}"
A,3,6,3.2,710910,142182.0,0,2436061212,"{""unc_cha_core_snp.evict_one"": 459076, ""unc_cha_core_snp.evict_gtone"": 251834, ""unc_cha_rxc_req_q1_retry.sf_victim"": 0, ""unc_cha_tor_inserts.ia_drd_pref"": 2436061212, ""unc_cha_tor_inserts.ia_drd"": 1383898777}"
A,3,7,3.08,396817,79363.0,0,2472054985,"{""unc_cha_core_snp.evict_one"": 241940, ""unc_cha_core_snp.evict_gtone"": 154877, ""unc_cha_rxc_req_q1_retry.sf_victim"": 0, ""unc_cha_tor_inserts.ia_drd_pref"": 2472054985, ""unc_cha_tor_inserts.ia_drd"": 1351473687}"
A,3,8,3.05,788069,157614.0,0,2370497691,"{""unc_cha_core_snp.evict_one"": 504447, ""unc_cha_core_snp.evict_gtone"": 283622, ""unc_cha_rxc_req_q1_retry.sf_victim"": 0, ""unc_cha_tor_inserts.ia_drd_pref"": 2370497691, ""unc_cha_tor_inserts.ia_drd"": 1519685140}"
A,3,9,3.17,474229,94846.0,0,2462334140,"{""unc_cha_core_snp.evict_one"": 295081, ""unc_cha_core_snp.evict_gtone"": 179148, ""unc_cha_rxc_req_q1_retry.sf_victim"": 0, ""unc_cha_tor_inserts.ia_drd_pref"": 2462334140, ""unc_cha_tor_inserts.ia_drd"": 1325575623}"
A,5,0,5.19,520242,104048.0,0,3861048047,"{""unc_cha_core_snp.evict_one"": 321283, ""unc_cha_core_snp.evict_gtone"": 198959, ""unc_cha_rxc_req_q1_retry.sf_victim"": 0, ""unc_cha_tor_inserts.ia_drd_pref"": 3861048047, ""unc_cha_tor_inserts.ia_drd"": 2292187676}"
A,5,1,5.2,444211,88842.0,0,3922282376,"{""unc_cha_core_snp.evict_one"": 269144, ""unc_cha_core_snp.evict_gtone"": 175067, ""unc_cha_rxc_req_q1_retry.sf_victim"": 0, ""unc_cha_tor_inserts.ia_drd_pref"": 3922282376, ""unc_cha_tor_inserts.ia_drd"": 2238332326}"
A,5,2,5.21,494678,98936.0,0,3902940159,"{""unc_cha_core_snp.evict_one"": 299288, ""unc_cha_core_snp.evict_gtone"": 195390, ""unc_cha_rxc_req_q1_retry.sf_victim"": 0, ""unc_cha_tor_inserts.ia_drd_pref"": 3902940159, ""unc_cha_tor_inserts.ia_drd"": 2278917026}"
A,5,3,5.21,530865,106173.0,0,4040638165,"{""unc_cha_core_snp.evict_one"": 337764, ""unc_cha_core_snp.evict_gtone"": 193101, ""unc_cha_rxc_req_q1_retry.sf_victim"": 0, ""unc_cha_tor_inserts.ia_drd_pref"": 4040638165, ""unc_cha_tor_inserts.ia_drd"": 2144437054}"
A,5,4,5.23,536794,107359.0,0,4080983864,"{""unc_cha_core_snp.evict_one"": 355337, ""unc_cha_core_snp.evict_gtone"": 181457, ""unc_cha_rxc_req_q1_retry.sf_victim"": 0, ""unc_cha_tor_inserts.ia_drd_pref"": 4080983864, ""unc_cha_tor_inserts.ia_drd"": 2126711020}"
A,5,5,5.2,440018,88004.0,0,3985796360,"{""unc_cha_core_snp.evict_one"": 252780, ""unc_cha_core_snp.evict_gtone"": 187238, ""unc_cha_rxc_req_q1_retry.sf_victim"": 0, ""unc_cha_tor_inserts.ia_drd_pref"": 3985796360, ""unc_cha_tor_inserts.ia_drd"": 2179519989}"
A,5,6,5.22,409417,81883.0,0,3954800232,"{""unc_cha_core_snp.evict_one"": 237987, ""unc_cha_core_snp.evict_gtone"": 171430, ""unc_cha_rxc_req_q1_retry.sf_victim"": 0, ""unc_cha_tor_inserts.ia_drd_pref"": 3954800232, ""unc_cha_tor_inserts.ia_drd"": 2221791522}"
A,5,7,5.2,725702,145140.0,0,3961543994,"{""unc_cha_core_snp.evict_one"": 461807, ""unc_cha_core_snp.evict_gtone"": 263895, ""unc_cha_rxc_req_q1_retry.sf_victim"": 0, ""unc_cha_tor_inserts.ia_drd_pref"": 3961543994, ""unc_cha_tor_inserts.ia_drd"": 2211126470}"
A,5,8,5.3,455591,91118.0,0,4002634779,"{""unc_cha_core_snp.evict_one"": 268273, ""unc_cha_core_snp.evict_gtone"": 187318, ""unc_cha_rxc_req_q1_retry.sf_victim"": 0, ""unc_cha_tor_inserts.ia_drd_pref"": 4002634779, ""unc_cha_tor_inserts.ia_drd"": 2278297838}"
A,5,9,5.2,840110,168022.0,0,3967091260,"{""unc_cha_core_snp.evict_one"": 566431, ""unc_cha_core_snp.evict_gtone"": 273679, ""unc_cha_rxc_req_q1_retry.sf_victim"": 0, ""unc_cha_tor_inserts.ia_drd_pref"": 3967091260, ""unc_cha_tor_inserts.ia_drd"": 2209494162}"
A,7,0,7.09,527953,105591.0,0,5599503524,"{""unc_cha_core_snp.evict_one"": 331758, ""unc_cha_core_snp.evict_gtone"": 196195, ""unc_cha_rxc_req_q1_retry.sf_victim"": 0, ""unc_cha_tor_inserts.ia_drd_pref"": 5599503524, ""unc_cha_tor_inserts.ia_drd"": 2793354996}"
A,7,1,7.07,535323,107065.0,0,5615874906,"{""unc_cha_core_snp.evict_one"": 323619, ""unc_cha_core_snp.evict_gtone"": 211704, ""unc_cha_rxc_req_q1_retry.sf_victim"": 0, ""unc_cha_tor_inserts.ia_drd_pref"": 5615874906, ""unc_cha_tor_inserts.ia_drd"": 2758201112}"
A,7,2,7.14,550012,110002.0,0,5384865317,"{""unc_cha_core_snp.evict_one"": 334014, ""unc_cha_core_snp.evict_gtone"": 215998, ""unc_cha_rxc_req_q1_retry.sf_victim"": 0, ""unc_cha_tor_inserts.ia_drd_pref"": 5384865317, ""unc_cha_tor_inserts.ia_drd"": 3073679242}"
A,7,3,7.16,465183,93037.0,0,5514165584,"{""unc_cha_core_snp.evict_one"": 276079, ""unc_cha_core_snp.evict_gtone"": 189104, ""unc_cha_rxc_req_q1_retry.sf_victim"": 0, ""unc_cha_tor_inserts.ia_drd_pref"": 5514165584, ""unc_cha_tor_inserts.ia_drd"": 2958215962}"
A,7,4,7.22,583307,116661.0,0,5329393252,"{""unc_cha_core_snp.evict_one"": 366151, ""unc_cha_core_snp.evict_gtone"": 217156, ""unc_cha_rxc_req_q1_retry.sf_victim"": 0, ""unc_cha_tor_inserts.ia_drd_pref"": 5329393252, ""unc_cha_tor_inserts.ia_drd"": 3252119980}"
A,7,5,7.09,482960,96592.0,0,5489108949,"{""unc_cha_core_snp.evict_one"": 294160, ""unc_cha_core_snp.evict_gtone"": 188800, ""unc_cha_rxc_req_q1_retry.sf_victim"": 0, ""unc_cha_tor_inserts.ia_drd_pref"": 5489108949, ""unc_cha_tor_inserts.ia_drd"": 2902988228}"
A,7,6,7.46,717951,143590.0,0,5617417820,"{""unc_cha_core_snp.evict_one"": 435144, ""unc_cha_core_snp.evict_gtone"": 282807, ""unc_cha_rxc_req_q1_retry.sf_victim"": 0, ""unc_cha_tor_inserts.ia_drd_pref"": 5617417820, ""unc_cha_tor_inserts.ia_drd"": 2646961201}"
A,7,7,7.09,436367,87273.0,0,5453573939,"{""unc_cha_core_snp.evict_one"": 260030, ""unc_cha_core_snp.evict_gtone"": 176337, ""unc_cha_rxc_req_q1_retry.sf_victim"": 0, ""unc_cha_tor_inserts.ia_drd_pref"": 5453573939, ""unc_cha_tor_inserts.ia_drd"": 2933399370}"
A,7,8,7.23,1009643,201929.0,0,5413849562,"{""unc_cha_core_snp.evict_one"": 592804, ""unc_cha_core_snp.evict_gtone"": 416839, ""unc_cha_rxc_req_q1_retry.sf_victim"": 0, ""unc_cha_tor_inserts.ia_drd_pref"": 5413849562, ""unc_cha_tor_inserts.ia_drd"": 2917283104}"
A,7,9,7.11,450228,90046.0,0,5416112522,"{""unc_cha_core_snp.evict_one"": 260881, ""unc_cha_core_snp.evict_gtone"": 189347, ""unc_cha_rxc_req_q1_retry.sf_victim"": 0, ""unc_cha_tor_inserts.ia_drd_pref"": 5416112522, ""unc_cha_tor_inserts.ia_drd"": 3004758408}"
A,9,0,9.36,558947,111789.0,0,6793307376,"{""unc_cha_core_snp.evict_one"": 348516, ""unc_cha_core_snp.evict_gtone"": 210431, ""unc_cha_rxc_req_q1_retry.sf_victim"": 0, ""unc_cha_tor_inserts.ia_drd_pref"": 6793307376, ""unc_cha_tor_inserts.ia_drd"": 3867379562}"
A,9,1,9.51,503464,100693.0,0,6975311124,"{""unc_cha_core_snp.evict_one"": 288206, ""unc_cha_core_snp.evict_gtone"": 215258, ""unc_cha_rxc_req_q1_retry.sf_victim"": 0, ""unc_cha_tor_inserts.ia_drd_pref"": 6975311124, ""unc_cha_tor_inserts.ia_drd"": 3537302939}"
A,9,2,9.49,465196,93039.0,0,6689156411,"{""unc_cha_core_snp.evict_one"": 266386, ""unc_cha_core_snp.evict_gtone"": 198810, ""unc_cha_rxc_req_q1_retry.sf_victim"": 0, ""unc_cha_tor_inserts.ia_drd_pref"": 6689156411, ""unc_cha_tor_inserts.ia_drd"": 3789740537}"
A,9,3,9.45,457448,91490.0,0,6647451312,"{""unc_cha_core_snp.evict_one"": 260424, ""unc_cha_core_snp.evict_gtone"": 197024, ""unc_cha_rxc_req_q1_retry.sf_victim"": 0, ""unc_cha_tor_inserts.ia_drd_pref"": 6647451312, ""unc_cha_tor_inserts.ia_drd"": 3787705756}"
A,9,4,9.47,447774,89555.0,0,7053782828,"{""unc_cha_core_snp.evict_one"": 250666, ""unc_cha_core_snp.evict_gtone"": 197108, ""unc_cha_rxc_req_q1_retry.sf_victim"": 0, ""unc_cha_tor_inserts.ia_drd_pref"": 7053782828, ""unc_cha_tor_inserts.ia_drd"": 3406031619}"
A,9,5,9.45,720015,144003.0,0,6916850985,"{""unc_cha_core_snp.evict_one"": 466761, ""unc_cha_core_snp.evict_gtone"": 253254, ""unc_cha_rxc_req_q1_retry.sf_victim"": 0, ""unc_cha_tor_inserts.ia_drd_pref"": 6916850985, ""unc_cha_tor_inserts.ia_drd"": 3517043703}"
A,9,6,9.46,460659,92132.0,0,6996797746,"{""unc_cha_core_snp.evict_one"": 256058, ""unc_cha_core_snp.evict_gtone"": 204601, ""unc_cha_rxc_req_q1_retry.sf_victim"": 0, ""unc_cha_tor_inserts.ia_drd_pref"": 6996797746, ""unc_cha_tor_inserts.ia_drd"": 3449619144}"
A,9,7,9.43,834176,166835.0,0,6992955807,"{""unc_cha_core_snp.evict_one"": 496553, ""unc_cha_core_snp.evict_gtone"": 337623, ""unc_cha_rxc_req_q1_retry.sf_victim"": 0, ""unc_cha_tor_inserts.ia_drd_pref"": 6992955807, ""unc_cha_tor_inserts.ia_drd"": 3453494680}"
A,9,8,9.5,500289,100058.0,0,6946385370,"{""unc_cha_core_snp.evict_one"": 310288, ""unc_cha_core_snp.evict_gtone"": 190001, ""unc_cha_rxc_req_q1_retry.sf_victim"": 0, ""unc_cha_tor_inserts.ia_drd_pref"": 6946385370, ""unc_cha_tor_inserts.ia_drd"": 3536466586}"
A,9,9,9.42,529658,105932.0,0,6968796762,"{""unc_cha_core_snp.evict_one"": 316427, ""unc_cha_core_snp.evict_gtone"": 213231, ""unc_cha_rxc_req_q1_retry.sf_victim"": 0, ""unc_cha_tor_inserts.ia_drd_pref"": 6968796762, ""unc_cha_tor_inserts.ia_drd"": 3438498520}"
A,11,0,11.29,524062,104812.0,0,8568554149,"{""unc_cha_core_snp.evict_one"": 312774, ""unc_cha_core_snp.evict_gtone"": 211288, ""unc_cha_rxc_req_q1_retry.sf_victim"": 0, ""unc_cha_tor_inserts.ia_drd_pref"": 8568554149, ""unc_cha_tor_inserts.ia_drd"": 3892247146}"
A,11,1,11.22,615354,123071.0,0,8460295330,"{""unc_cha_core_snp.evict_one"": 386931, ""unc_cha_core_snp.evict_gtone"": 228423, ""unc_cha_rxc_req_q1_retry.sf_victim"": 0, ""unc_cha_tor_inserts.ia_drd_pref"": 8460295330, ""unc_cha_tor_inserts.ia_drd"": 3929447983}"
A,11,2,11.33,732759,146552.0,0,8386485027,"{""unc_cha_core_snp.evict_one"": 482761, ""unc_cha_core_snp.evict_gtone"": 249998, ""unc_cha_rxc_req_q1_retry.sf_victim"": 0, ""unc_cha_tor_inserts.ia_drd_pref"": 8386485027, ""unc_cha_tor_inserts.ia_drd"": 4131163102}"
A,11,3,11.28,1240249,248050.0,0,8308177729,"{""unc_cha_core_snp.evict_one"": 817475, ""unc_cha_core_snp.evict_gtone"": 422774, ""unc_cha_rxc_req_q1_retry.sf_victim"": 0, ""unc_cha_tor_inserts.ia_drd_pref"": 8308177729, ""unc_cha_tor_inserts.ia_drd"": 4148351419}"
A,11,4,11.4,413936,82787.0,0,8187550592,"{""unc_cha_core_snp.evict_one"": 216155, ""unc_cha_core_snp.evict_gtone"": 197781, ""unc_cha_rxc_req_q1_retry.sf_victim"": 0, ""unc_cha_tor_inserts.ia_drd_pref"": 8187550592, ""unc_cha_tor_inserts.ia_drd"": 4373041244}"
A,11,5,11.3,376814,75363.0,0,7961315417,"{""unc_cha_core_snp.evict_one"": 183238, ""unc_cha_core_snp.evict_gtone"": 193576, ""unc_cha_rxc_req_q1_retry.sf_victim"": 0, ""unc_cha_tor_inserts.ia_drd_pref"": 7961315417, ""unc_cha_tor_inserts.ia_drd"": 4471945957}"
A,11,6,11.29,345226,69045.0,0,8534214216,"{""unc_cha_core_snp.evict_one"": 163482, ""unc_cha_core_snp.evict_gtone"": 181744, ""unc_cha_rxc_req_q1_retry.sf_victim"": 0, ""unc_cha_tor_inserts.ia_drd_pref"": 8534214216, ""unc_cha_tor_inserts.ia_drd"": 3898902185}"
A,11,7,11.25,360863,72173.0,0,8183857973,"{""unc_cha_core_snp.evict_one"": 178121, ""unc_cha_core_snp.evict_gtone"": 182742, ""unc_cha_rxc_req_q1_retry.sf_victim"": 0, ""unc_cha_tor_inserts.ia_drd_pref"": 8183857973, ""unc_cha_tor_inserts.ia_drd"": 4202445840}"
A,11,8,11.27,360977,72195.0,0,8066012295,"{""unc_cha_core_snp.evict_one"": 176586, ""unc_cha_core_snp.evict_gtone"": 184391, ""unc_cha_rxc_req_q1_retry.sf_victim"": 0, ""unc_cha_tor_inserts.ia_drd_pref"": 8066012295, ""unc_cha_tor_inserts.ia_drd"": 4330954018}"
A,11,9,11.24,392175,78435.0,0,8414995715,"{""unc_cha_core_snp.evict_one"": 193290, ""unc_cha_core_snp.evict_gtone"": 198885, ""unc_cha_rxc_req_q1_retry.sf_victim"": 0, ""unc_cha_tor_inserts.ia_drd_pref"": 8414995715, ""unc_cha_tor_inserts.ia_drd"": 3956454670}"
A,13,0,13.23,333049,66610.0,0,9450240443,"{""unc_cha_core_snp.evict_one"": 143427, ""unc_cha_core_snp.evict_gtone"": 189622, ""unc_cha_rxc_req_q1_retry.sf_victim"": 0, ""unc_cha_tor_inserts.ia_drd_pref"": 9450240443, ""unc_cha_tor_inserts.ia_drd"": 4862989765}"
A,13,1,13.23,295563,59113.0,0,9456732800,"{""unc_cha_core_snp.evict_one"": 97982, ""unc_cha_core_snp.evict_gtone"": 197581, ""unc_cha_rxc_req_q1_retry.sf_victim"": 0, ""unc_cha_tor_inserts.ia_drd_pref"": 9456732800, ""unc_cha_tor_inserts.ia_drd"": 4863917172}"
A,13,2,13.85,315427,63085.0,0,9730832485,"{""unc_cha_core_snp.evict_one"": 127159, ""unc_cha_core_snp.evict_gtone"": 188268, ""unc_cha_rxc_req_q1_retry.sf_victim"": 0, ""unc_cha_tor_inserts.ia_drd_pref"": 9730832485, ""unc_cha_tor_inserts.ia_drd"": 4433881297}"
A,13,3,13.88,318152,63630.0,0,9582746446,"{""unc_cha_core_snp.evict_one"": 141855, ""unc_cha_core_snp.evict_gtone"": 176297, ""unc_cha_rxc_req_q1_retry.sf_victim"": 0, ""unc_cha_tor_inserts.ia_drd_pref"": 9582746446, ""unc_cha_tor_inserts.ia_drd"": 4602964786}"
A,13,4,13.77,328315,65663.0,0,9576967081,"{""unc_cha_core_snp.evict_one"": 129560, ""unc_cha_core_snp.evict_gtone"": 198755, ""unc_cha_rxc_req_q1_retry.sf_victim"": 0, ""unc_cha_tor_inserts.ia_drd_pref"": 9576967081, ""unc_cha_tor_inserts.ia_drd"": 4503747828}"
A,13,5,13.06,349988,69998.0,0,9502496328,"{""unc_cha_core_snp.evict_one"": 142083, ""unc_cha_core_snp.evict_gtone"": 207905, ""unc_cha_rxc_req_q1_retry.sf_victim"": 0, ""unc_cha_tor_inserts.ia_drd_pref"": 9502496328, ""unc_cha_tor_inserts.ia_drd"": 4851747043}"
A,13,6,13.88,322039,64408.0,0,9670139917,"{""unc_cha_core_snp.evict_one"": 126101, ""unc_cha_core_snp.evict_gtone"": 195938, ""unc_cha_rxc_req_q1_retry.sf_victim"": 0, ""unc_cha_tor_inserts.ia_drd_pref"": 9670139917, ""unc_cha_tor_inserts.ia_drd"": 4523325393}"
A,13,7,13.8,283070,56614.0,0,9566811170,"{""unc_cha_core_snp.evict_one"": 99515, ""unc_cha_core_snp.evict_gtone"": 183555, ""unc_cha_rxc_req_q1_retry.sf_victim"": 0, ""unc_cha_tor_inserts.ia_drd_pref"": 9566811170, ""unc_cha_tor_inserts.ia_drd"": 4537134807}"
A,13,8,13.85,319764,63953.0,0,9569862744,"{""unc_cha_core_snp.evict_one"": 121866, ""unc_cha_core_snp.evict_gtone"": 197898, ""unc_cha_rxc_req_q1_retry.sf_victim"": 0, ""unc_cha_tor_inserts.ia_drd_pref"": 9569862744, ""unc_cha_tor_inserts.ia_drd"": 4583325744}"
A,13,9,13.1,324166,64833.0,0,9234092707,"{""unc_cha_core_snp.evict_one"": 116098, ""unc_cha_core_snp.evict_gtone"": 208068, ""unc_cha_rxc_req_q1_retry.sf_victim"": 0, ""unc_cha_tor_inserts.ia_drd_pref"": 9234092707, ""unc_cha_tor_inserts.ia_drd"": 5178016912}"
A,15,0,15.38,401207,80241.0,0,10811636681,"{""unc_cha_core_snp.evict_one"": 183733, ""unc_cha_core_snp.evict_gtone"": 217474, ""unc_cha_rxc_req_q1_retry.sf_victim"": 0, ""unc_cha_tor_inserts.ia_drd_pref"": 10811636681, ""unc_cha_tor_inserts.ia_drd"": 4884871079}"
A,15,1,15.33,358074,71615.0,0,10806798978,"{""unc_cha_core_snp.evict_one"": 124762, ""unc_cha_core_snp.evict_gtone"": 233312, ""unc_cha_rxc_req_q1_retry.sf_victim"": 0, ""unc_cha_tor_inserts.ia_drd_pref"": 10806798978, ""unc_cha_tor_inserts.ia_drd"": 4876348712}"
A,15,2,15.23,400805,80161.0,0,10894875693,"{""unc_cha_core_snp.evict_one"": 188550, ""unc_cha_core_snp.evict_gtone"": 212255, ""unc_cha_rxc_req_q1_retry.sf_victim"": 0, ""unc_cha_tor_inserts.ia_drd_pref"": 10894875693, ""unc_cha_tor_inserts.ia_drd"": 4669262976}"
A,15,3,15.33,355786,71157.0,0,10838471549,"{""unc_cha_core_snp.evict_one"": 136408, ""unc_cha_core_snp.evict_gtone"": 219378, ""unc_cha_rxc_req_q1_retry.sf_victim"": 0, ""unc_cha_tor_inserts.ia_drd_pref"": 10838471549, ""unc_cha_tor_inserts.ia_drd"": 4832565034}"
A,15,4,15.23,360902,72180.0,0,10635400068,"{""unc_cha_core_snp.evict_one"": 158383, ""unc_cha_core_snp.evict_gtone"": 202519, ""unc_cha_rxc_req_q1_retry.sf_victim"": 0, ""unc_cha_tor_inserts.ia_drd_pref"": 10635400068, ""unc_cha_tor_inserts.ia_drd"": 4913567935}"
A,15,5,15.41,366565,73313.0,0,10441022451,"{""unc_cha_core_snp.evict_one"": 152989, ""unc_cha_core_snp.evict_gtone"": 213576, ""unc_cha_rxc_req_q1_retry.sf_victim"": 0, ""unc_cha_tor_inserts.ia_drd_pref"": 10441022451, ""unc_cha_tor_inserts.ia_drd"": 5311362374}"
A,15,6,15.39,319487,63897.0,0,10792451029,"{""unc_cha_core_snp.evict_one"": 110671, ""unc_cha_core_snp.evict_gtone"": 208816, ""unc_cha_rxc_req_q1_retry.sf_victim"": 0, ""unc_cha_tor_inserts.ia_drd_pref"": 10792451029, ""unc_cha_tor_inserts.ia_drd"": 4942464113}"
A,15,7,15.46,323252,64650.0,0,10503958954,"{""unc_cha_core_snp.evict_one"": 122038, ""unc_cha_core_snp.evict_gtone"": 201214, ""unc_cha_rxc_req_q1_retry.sf_victim"": 0, ""unc_cha_tor_inserts.ia_drd_pref"": 10503958954, ""unc_cha_tor_inserts.ia_drd"": 5304308576}"
A,15,8,15.38,334940,66988.0,0,10820932867,"{""unc_cha_core_snp.evict_one"": 130995, ""unc_cha_core_snp.evict_gtone"": 203945, ""unc_cha_rxc_req_q1_retry.sf_victim"": 0, ""unc_cha_tor_inserts.ia_drd_pref"": 10820932867, ""unc_cha_tor_inserts.ia_drd"": 4897114713}"
A,15,9,15.38,338253,67651.0,0,10356108833,"{""unc_cha_core_snp.evict_one"": 131490, ""unc_cha_core_snp.evict_gtone"": 206763, ""unc_cha_rxc_req_q1_retry.sf_victim"": 0, ""unc_cha_tor_inserts.ia_drd_pref"": 10356108833, ""unc_cha_tor_inserts.ia_drd"": 5345991349}"
B,1,0,1.02,598302,119660.0,0,2957374,"{""unc_cha_core_snp.evict_one"": 360104, ""unc_cha_core_snp.evict_gtone"": 238198, ""unc_cha_rxc_req_q1_retry.sf_victim"": 0, ""unc_cha_tor_inserts.ia_drd_pref"": 2957374, ""unc_cha_tor_inserts.ia_drd"": 1126048627}"
B,1,1,1.03,201752,40350.0,0,6113848,"{""unc_cha_core_snp.evict_one"": 141837, ""unc_cha_core_snp.evict_gtone"": 59915, ""unc_cha_rxc_req_q1_retry.sf_victim"": 0, ""unc_cha_tor_inserts.ia_drd_pref"": 6113848, ""unc_cha_tor_inserts.ia_drd"": 1143280941}"
B,1,2,1.04,273671,54734.0,0,24321168,"{""unc_cha_core_snp.evict_one"": 204939, ""unc_cha_core_snp.evict_gtone"": 68732, ""unc_cha_rxc_req_q1_retry.sf_victim"": 0, ""unc_cha_tor_inserts.ia_drd_pref"": 24321168, ""unc_cha_tor_inserts.ia_drd"": 1162721381}"
B,1,3,1.02,204889,40978.0,0,24875359,"{""unc_cha_core_snp.evict_one"": 138016, ""unc_cha_core_snp.evict_gtone"": 66873, ""unc_cha_rxc_req_q1_retry.sf_victim"": 0, ""unc_cha_tor_inserts.ia_drd_pref"": 24875359, ""unc_cha_tor_inserts.ia_drd"": 1138479393}"
B,1,4,1.04,205597,41119.0,0,16207077,"{""unc_cha_core_snp.evict_one"": 135688, ""unc_cha_core_snp.evict_gtone"": 69909, ""unc_cha_rxc_req_q1_retry.sf_victim"": 0, ""unc_cha_tor_inserts.ia_drd_pref"": 16207077, ""unc_cha_tor_inserts.ia_drd"": 1158240997}"
B,1,5,1.01,105716,21143.0,0,822186,"{""unc_cha_core_snp.evict_one"": 58217, ""unc_cha_core_snp.evict_gtone"": 47499, ""unc_cha_rxc_req_q1_retry.sf_victim"": 0, ""unc_cha_tor_inserts.ia_drd_pref"": 822186, ""unc_cha_tor_inserts.ia_drd"": 1120207826}"
B,1,6,1.07,91770,18354.0,0,773340,"{""unc_cha_core_snp.evict_one"": 48548, ""unc_cha_core_snp.evict_gtone"": 43222, ""unc_cha_rxc_req_q1_retry.sf_victim"": 0, ""unc_cha_tor_inserts.ia_drd_pref"": 773340, ""unc_cha_tor_inserts.ia_drd"": 1102357223}"
B,1,7,1.01,95429,19086.0,0,727548,"{""unc_cha_core_snp.evict_one"": 49589, ""unc_cha_core_snp.evict_gtone"": 45840, ""unc_cha_rxc_req_q1_retry.sf_victim"": 0, ""unc_cha_tor_inserts.ia_drd_pref"": 727548, ""unc_cha_tor_inserts.ia_drd"": 1118581860}"
B,1,8,1.02,101365,20273.0,0,786654,"{""unc_cha_core_snp.evict_one"": 49948, ""unc_cha_core_snp.evict_gtone"": 51417, ""unc_cha_rxc_req_q1_retry.sf_victim"": 0, ""unc_cha_tor_inserts.ia_drd_pref"": 786654, ""unc_cha_tor_inserts.ia_drd"": 1126769019}"
B,1,9,1.02,992717,198543.0,0,14150611,"{""unc_cha_core_snp.evict_one"": 728150, ""unc_cha_core_snp.evict_gtone"": 264567, ""unc_cha_rxc_req_q1_retry.sf_victim"": 0, ""unc_cha_tor_inserts.ia_drd_pref"": 14150611, ""unc_cha_tor_inserts.ia_drd"": 1130860895}"
B,3,0,3.07,425869,85174.0,0,9218655,"{""unc_cha_core_snp.evict_one"": 283828, ""unc_cha_core_snp.evict_gtone"": 142041, ""unc_cha_rxc_req_q1_retry.sf_victim"": 0, ""unc_cha_tor_inserts.ia_drd_pref"": 9218655, ""unc_cha_tor_inserts.ia_drd"": 3313905807}"
B,3,1,3.09,633492,126698.0,0,19818438,"{""unc_cha_core_snp.evict_one"": 399735, ""unc_cha_core_snp.evict_gtone"": 233757, ""unc_cha_rxc_req_q1_retry.sf_victim"": 0, ""unc_cha_tor_inserts.ia_drd_pref"": 19818438, ""unc_cha_tor_inserts.ia_drd"": 3173241843}"
B,3,2,3.07,258962,51792.0,0,16121430,"{""unc_cha_core_snp.evict_one"": 158464, ""unc_cha_core_snp.evict_gtone"": 100498, ""unc_cha_rxc_req_q1_retry.sf_victim"": 0, ""unc_cha_tor_inserts.ia_drd_pref"": 16121430, ""unc_cha_tor_inserts.ia_drd"": 3309079020}"
B,3,3,3.14,580135,116027.0,0,25571163,"{""unc_cha_core_snp.evict_one"": 379565, ""unc_cha_core_snp.evict_gtone"": 200570, ""unc_cha_rxc_req_q1_retry.sf_victim"": 0, ""unc_cha_tor_inserts.ia_drd_pref"": 25571163, ""unc_cha_tor_inserts.ia_drd"": 3301255050}"
B,3,4,3.14,276525,55305.0,0,16074860,"{""unc_cha_core_snp.evict_one"": 163250, ""unc_cha_core_snp.evict_gtone"": 113275, ""unc_cha_rxc_req_q1_retry.sf_victim"": 0, ""unc_cha_tor_inserts.ia_drd_pref"": 16074860, ""unc_cha_tor_inserts.ia_drd"": 3290275826}"
B,3,5,3.17,606746,121349.0,0,3336342,"{""unc_cha_core_snp.evict_one"": 402756, ""unc_cha_core_snp.evict_gtone"": 203990, ""unc_cha_rxc_req_q1_retry.sf_victim"": 0, ""unc_cha_tor_inserts.ia_drd_pref"": 3336342, ""unc_cha_tor_inserts.ia_drd"": 3247772981}"
B,3,6,3.2,245926,49185.0,0,1579163,"{""unc_cha_core_snp.evict_one"": 116334, ""unc_cha_core_snp.evict_gtone"": 129592, ""unc_cha_rxc_req_q1_retry.sf_victim"": 0, ""unc_cha_tor_inserts.ia_drd_pref"": 1579163, ""unc_cha_tor_inserts.ia_drd"": 3268677336}"
B,3,7,3.18,274757,54951.0,0,875590,"{""unc_cha_core_snp.evict_one"": 128238, ""unc_cha_core_snp.evict_gtone"": 146519, ""unc_cha_rxc_req_q1_retry.sf_victim"": 0, ""unc_cha_tor_inserts.ia_drd_pref"": 875590, ""unc_cha_tor_inserts.ia_drd"": 3259781415}"
B,3,8,3.21,256659,51332.0,0,1065498,"{""unc_cha_core_snp.evict_one"": 113657, ""unc_cha_core_snp.evict_gtone"": 143002, ""unc_cha_rxc_req_q1_retry.sf_victim"": 0, ""unc_cha_tor_inserts.ia_drd_pref"": 1065498, ""unc_cha_tor_inserts.ia_drd"": 3284034015}"
B,3,9,3.17,334233,66847.0,0,3730311,"{""unc_cha_core_snp.evict_one"": 190427, ""unc_cha_core_snp.evict_gtone"": 143806, ""unc_cha_rxc_req_q1_retry.sf_victim"": 0, ""unc_cha_tor_inserts.ia_drd_pref"": 3730311, ""unc_cha_tor_inserts.ia_drd"": 3243960078}"
B,5,0,5.1,343278,68656.0,0,6450778,"{""unc_cha_core_snp.evict_one"": 184556, ""unc_cha_core_snp.evict_gtone"": 158722, ""unc_cha_rxc_req_q1_retry.sf_victim"": 0, ""unc_cha_tor_inserts.ia_drd_pref"": 6450778, ""unc_cha_tor_inserts.ia_drd"": 5219629457}"
B,5,1,5.05,569342,113868.0,0,16701763,"{""unc_cha_core_snp.evict_one"": 375898, ""unc_cha_core_snp.evict_gtone"": 193444, ""unc_cha_rxc_req_q1_retry.sf_victim"": 0, ""unc_cha_tor_inserts.ia_drd_pref"": 16701763, ""unc_cha_tor_inserts.ia_drd"": 5177860589}"
B,5,2,5.08,282650,56530.0,0,2067837,"{""unc_cha_core_snp.evict_one"": 129749, ""unc_cha_core_snp.evict_gtone"": 152901, ""unc_cha_rxc_req_q1_retry.sf_victim"": 0, ""unc_cha_tor_inserts.ia_drd_pref"": 2067837, ""unc_cha_tor_inserts.ia_drd"": 5191200914}"
B,5,3,5.14,262973,52595.0,0,1230327,"{""unc_cha_core_snp.evict_one"": 122736, ""unc_cha_core_snp.evict_gtone"": 140237, ""unc_cha_rxc_req_q1_retry.sf_victim"": 0, ""unc_cha_tor_inserts.ia_drd_pref"": 1230327, ""unc_cha_tor_inserts.ia_drd"": 5254433744}"
B,5,4,5.17,248772,49754.0,0,1402205,"{""unc_cha_core_snp.evict_one"": 121627, ""unc_cha_core_snp.evict_gtone"": 127145, ""unc_cha_rxc_req_q1_retry.sf_victim"": 0, ""unc_cha_tor_inserts.ia_drd_pref"": 1402205, ""unc_cha_tor_inserts.ia_drd"": 5291143081}"
B,5,5,5.25,273208,54642.0,0,790148,"{""unc_cha_core_snp.evict_one"": 119196, ""unc_cha_core_snp.evict_gtone"": 154012, ""unc_cha_rxc_req_q1_retry.sf_victim"": 0, ""unc_cha_tor_inserts.ia_drd_pref"": 790148, ""unc_cha_tor_inserts.ia_drd"": 5361367675}"
B,5,6,5.16,235573,47115.0,0,1024069,"{""unc_cha_core_snp.evict_one"": 102305, ""unc_cha_core_snp.evict_gtone"": 133268, ""unc_cha_rxc_req_q1_retry.sf_victim"": 0, ""unc_cha_tor_inserts.ia_drd_pref"": 1024069, ""unc_cha_tor_inserts.ia_drd"": 5274332063}"
B,5,7,5.16,262119,52424.0,0,1525436,"{""unc_cha_core_snp.evict_one"": 129608, ""unc_cha_core_snp.evict_gtone"": 132511, ""unc_cha_rxc_req_q1_retry.sf_victim"": 0, ""unc_cha_tor_inserts.ia_drd_pref"": 1525436, ""unc_cha_tor_inserts.ia_drd"": 5272216250}"
B,5,8,5.11,257971,51594.0,0,775690,"{""unc_cha_core_snp.evict_one"": 125247, ""unc_cha_core_snp.evict_gtone"": 132724, ""unc_cha_rxc_req_q1_retry.sf_victim"": 0, ""unc_cha_tor_inserts.ia_drd_pref"": 775690, ""unc_cha_tor_inserts.ia_drd"": 5221204922}"
B,5,9,5.14,235377,47075.0,0,825461,"{""unc_cha_core_snp.evict_one"": 106538, ""unc_cha_core_snp.evict_gtone"": 128839, ""unc_cha_rxc_req_q1_retry.sf_victim"": 0, ""unc_cha_tor_inserts.ia_drd_pref"": 825461, ""unc_cha_tor_inserts.ia_drd"": 5243855371}"
B,7,0,7.12,294402,58880.0,0,761295,"{""unc_cha_core_snp.evict_one"": 134445, ""unc_cha_core_snp.evict_gtone"": 159957, ""unc_cha_rxc_req_q1_retry.sf_victim"": 0, ""unc_cha_tor_inserts.ia_drd_pref"": 761295, ""unc_cha_tor_inserts.ia_drd"": 7271613586}"
B,7,1,7.04,278656,55731.0,0,246207,"{""unc_cha_core_snp.evict_one"": 132849, ""unc_cha_core_snp.evict_gtone"": 145807, ""unc_cha_rxc_req_q1_retry.sf_victim"": 0, ""unc_cha_tor_inserts.ia_drd_pref"": 246207, ""unc_cha_tor_inserts.ia_drd"": 7187015225}"
B,7,2,7.06,253583,50717.0,0,239301,"{""unc_cha_core_snp.evict_one"": 102960, ""unc_cha_core_snp.evict_gtone"": 150623, ""unc_cha_rxc_req_q1_retry.sf_victim"": 0, ""unc_cha_tor_inserts.ia_drd_pref"": 239301, ""unc_cha_tor_inserts.ia_drd"": 7217896570}"
B,7,3,7.12,269439,53888.0,0,266177,"{""unc_cha_core_snp.evict_one"": 116293, ""unc_cha_core_snp.evict_gtone"": 153146, ""unc_cha_rxc_req_q1_retry.sf_victim"": 0, ""unc_cha_tor_inserts.ia_drd_pref"": 266177, ""unc_cha_tor_inserts.ia_drd"": 7278061737}"
B,7,4,6.95,286853,57371.0,0,436842,"{""unc_cha_core_snp.evict_one"": 118989, ""unc_cha_core_snp.evict_gtone"": 167864, ""unc_cha_rxc_req_q1_retry.sf_victim"": 0, ""unc_cha_tor_inserts.ia_drd_pref"": 436842, ""unc_cha_tor_inserts.ia_drd"": 7108366637}"
B,7,5,7.03,274141,54828.0,0,298079,"{""unc_cha_core_snp.evict_one"": 125903, ""unc_cha_core_snp.evict_gtone"": 148238, ""unc_cha_rxc_req_q1_retry.sf_victim"": 0, ""unc_cha_tor_inserts.ia_drd_pref"": 298079, ""unc_cha_tor_inserts.ia_drd"": 7100373409}"
B,7,6,6.97,260739,52148.0,0,512894,"{""unc_cha_core_snp.evict_one"": 114665, ""unc_cha_core_snp.evict_gtone"": 146074, ""unc_cha_rxc_req_q1_retry.sf_victim"": 0, ""unc_cha_tor_inserts.ia_drd_pref"": 512894, ""unc_cha_tor_inserts.ia_drd"": 7117481726}"
B,7,7,7.04,248887,49777.0,0,226940,"{""unc_cha_core_snp.evict_one"": 108023, ""unc_cha_core_snp.evict_gtone"": 140864, ""unc_cha_rxc_req_q1_retry.sf_victim"": 0, ""unc_cha_tor_inserts.ia_drd_pref"": 226940, ""unc_cha_tor_inserts.ia_drd"": 7184594438}"
B,7,8,7.1,250880,50176.0,0,255396,"{""unc_cha_core_snp.evict_one"": 103203, ""unc_cha_core_snp.evict_gtone"": 147677, ""unc_cha_rxc_req_q1_retry.sf_victim"": 0, ""unc_cha_tor_inserts.ia_drd_pref"": 255396, ""unc_cha_tor_inserts.ia_drd"": 7254877563}"
B,7,9,6.97,279454,55891.0,0,756026,"{""unc_cha_core_snp.evict_one"": 123332, ""unc_cha_core_snp.evict_gtone"": 156122, ""unc_cha_rxc_req_q1_retry.sf_victim"": 0, ""unc_cha_tor_inserts.ia_drd_pref"": 756026, ""unc_cha_tor_inserts.ia_drd"": 7137068706}"
B,9,0,9.47,295490,59098.0,0,868175,"{""unc_cha_core_snp.evict_one"": 140870, ""unc_cha_core_snp.evict_gtone"": 154620, ""unc_cha_rxc_req_q1_retry.sf_victim"": 0, ""unc_cha_tor_inserts.ia_drd_pref"": 868175, ""unc_cha_tor_inserts.ia_drd"": 9093537975}"
B,9,1,9.54,270359,54072.0,0,786536,"{""unc_cha_core_snp.evict_one"": 111093, ""unc_cha_core_snp.evict_gtone"": 159266, ""unc_cha_rxc_req_q1_retry.sf_victim"": 0, ""unc_cha_tor_inserts.ia_drd_pref"": 786536, ""unc_cha_tor_inserts.ia_drd"": 8997672949}"
B,9,2,9.39,278465,55693.0,0,765284,"{""unc_cha_core_snp.evict_one"": 108384, ""unc_cha_core_snp.evict_gtone"": 170081, ""unc_cha_rxc_req_q1_retry.sf_victim"": 0, ""unc_cha_tor_inserts.ia_drd_pref"": 765284, ""unc_cha_tor_inserts.ia_drd"": 9101969701}"
B,9,3,9.54,275217,55043.0,0,809399,"{""unc_cha_core_snp.evict_one"": 116277, ""unc_cha_core_snp.evict_gtone"": 158940, ""unc_cha_rxc_req_q1_retry.sf_victim"": 0, ""unc_cha_tor_inserts.ia_drd_pref"": 809399, ""unc_cha_tor_inserts.ia_drd"": 8981110324}"
B,9,4,8.97,283401,56680.0,0,289660,"{""unc_cha_core_snp.evict_one"": 129424, ""unc_cha_core_snp.evict_gtone"": 153977, ""unc_cha_rxc_req_q1_retry.sf_victim"": 0, ""unc_cha_tor_inserts.ia_drd_pref"": 289660, ""unc_cha_tor_inserts.ia_drd"": 9162736147}"
B,9,5,9.52,274871,54974.0,0,264780,"{""unc_cha_core_snp.evict_one"": 117950, ""unc_cha_core_snp.evict_gtone"": 156921, ""unc_cha_rxc_req_q1_retry.sf_victim"": 0, ""unc_cha_tor_inserts.ia_drd_pref"": 264780, ""unc_cha_tor_inserts.ia_drd"": 8976594244}"
B,9,6,9.46,293649,58730.0,0,389744,"{""unc_cha_core_snp.evict_one"": 139445, ""unc_cha_core_snp.evict_gtone"": 154204, ""unc_cha_rxc_req_q1_retry.sf_victim"": 0, ""unc_cha_tor_inserts.ia_drd_pref"": 389744, ""unc_cha_tor_inserts.ia_drd"": 8926507941}"
B,9,7,9.55,323925,64785.0,0,231450,"{""unc_cha_core_snp.evict_one"": 136299, ""unc_cha_core_snp.evict_gtone"": 187626, ""unc_cha_rxc_req_q1_retry.sf_victim"": 0, ""unc_cha_tor_inserts.ia_drd_pref"": 231450, ""unc_cha_tor_inserts.ia_drd"": 9004323703}"
B,9,8,9.39,257612,51522.0,0,234473,"{""unc_cha_core_snp.evict_one"": 106966, ""unc_cha_core_snp.evict_gtone"": 150646, ""unc_cha_rxc_req_q1_retry.sf_victim"": 0, ""unc_cha_tor_inserts.ia_drd_pref"": 234473, ""unc_cha_tor_inserts.ia_drd"": 8859600564}"
B,9,9,9.46,284531,56906.0,0,882098,"{""unc_cha_core_snp.evict_one"": 119953, ""unc_cha_core_snp.evict_gtone"": 164578, ""unc_cha_rxc_req_q1_retry.sf_victim"": 0, ""unc_cha_tor_inserts.ia_drd_pref"": 882098, ""unc_cha_tor_inserts.ia_drd"": 8935498815}"
B,11,0,11.33,297730,59546.0,0,791856,"{""unc_cha_core_snp.evict_one"": 129038, ""unc_cha_core_snp.evict_gtone"": 168692, ""unc_cha_rxc_req_q1_retry.sf_victim"": 0, ""unc_cha_tor_inserts.ia_drd_pref"": 791856, ""unc_cha_tor_inserts.ia_drd"": 10685717948}"
B,11,1,11.45,928447,185689.0,0,5456448,"{""unc_cha_core_snp.evict_one"": 510803, ""unc_cha_core_snp.evict_gtone"": 417644, ""unc_cha_rxc_req_q1_retry.sf_victim"": 0, ""unc_cha_tor_inserts.ia_drd_pref"": 5456448, ""unc_cha_tor_inserts.ia_drd"": 10791484736}"
B,11,2,11.19,409514,81903.0,0,16325403,"{""unc_cha_core_snp.evict_one"": 237508, ""unc_cha_core_snp.evict_gtone"": 172006, ""unc_cha_rxc_req_q1_retry.sf_victim"": 0, ""unc_cha_tor_inserts.ia_drd_pref"": 16325403, ""unc_cha_tor_inserts.ia_drd"": 10557147020}"
B,11,3,11.44,316167,63233.0,0,1120655,"{""unc_cha_core_snp.evict_one"": 141361, ""unc_cha_core_snp.evict_gtone"": 174806, ""unc_cha_rxc_req_q1_retry.sf_victim"": 0, ""unc_cha_tor_inserts.ia_drd_pref"": 1120655, ""unc_cha_tor_inserts.ia_drd"": 10770011394}"
B,11,4,11.33,295539,59108.0,0,799641,"{""unc_cha_core_snp.evict_one"": 123243, ""unc_cha_core_snp.evict_gtone"": 172296, ""unc_cha_rxc_req_q1_retry.sf_victim"": 0, ""unc_cha_tor_inserts.ia_drd_pref"": 799641, ""unc_cha_tor_inserts.ia_drd"": 10661144344}"
B,11,5,11.22,303715,60743.0,0,867659,"{""unc_cha_core_snp.evict_one"": 124580, ""unc_cha_core_snp.evict_gtone"": 179135, ""unc_cha_rxc_req_q1_retry.sf_victim"": 0, ""unc_cha_tor_inserts.ia_drd_pref"": 867659, ""unc_cha_tor_inserts.ia_drd"": 10569666843}"
B,11,6,11.52,301781,60356.0,0,1040624,"{""unc_cha_core_snp.evict_one"": 132786, ""unc_cha_core_snp.evict_gtone"": 168995, ""unc_cha_rxc_req_q1_retry.sf_victim"": 0, ""unc_cha_tor_inserts.ia_drd_pref"": 1040624, ""unc_cha_tor_inserts.ia_drd"": 10843307935}"
B,11,7,11.33,287437,57487.0,0,825678,"{""unc_cha_core_snp.evict_one"": 120789, ""unc_cha_core_snp.evict_gtone"": 166648, ""unc_cha_rxc_req_q1_retry.sf_victim"": 0, ""unc_cha_tor_inserts.ia_drd_pref"": 825678, ""unc_cha_tor_inserts.ia_drd"": 10707296704}"
B,11,8,11.4,289929,57986.0,0,944713,"{""unc_cha_core_snp.evict_one"": 121941, ""unc_cha_core_snp.evict_gtone"": 167988, ""unc_cha_rxc_req_q1_retry.sf_victim"": 0, ""unc_cha_tor_inserts.ia_drd_pref"": 944713, ""unc_cha_tor_inserts.ia_drd"": 10751129872}"
B,11,9,11.24,315539,63108.0,0,762106,"{""unc_cha_core_snp.evict_one"": 150140, ""unc_cha_core_snp.evict_gtone"": 165399, ""unc_cha_rxc_req_q1_retry.sf_victim"": 0, ""unc_cha_tor_inserts.ia_drd_pref"": 762106, ""unc_cha_tor_inserts.ia_drd"": 10612450330}"
B,13,0,13.0,312175,62435.0,0,781790,"{""unc_cha_core_snp.evict_one"": 136497, ""unc_cha_core_snp.evict_gtone"": 175678, ""unc_cha_rxc_req_q1_retry.sf_victim"": 0, ""unc_cha_tor_inserts.ia_drd_pref"": 781790, ""unc_cha_tor_inserts.ia_drd"": 12259458490}"
B,13,1,12.99,335855,67171.0,0,361461,"{""unc_cha_core_snp.evict_one"": 162693, ""unc_cha_core_snp.evict_gtone"": 173162, ""unc_cha_rxc_req_q1_retry.sf_victim"": 0, ""unc_cha_tor_inserts.ia_drd_pref"": 361461, ""unc_cha_tor_inserts.ia_drd"": 12226830665}"
B,13,2,13.01,310448,62090.0,0,268630,"{""unc_cha_core_snp.evict_one"": 141902, ""unc_cha_core_snp.evict_gtone"": 168546, ""unc_cha_rxc_req_q1_retry.sf_victim"": 0, ""unc_cha_tor_inserts.ia_drd_pref"": 268630, ""unc_cha_tor_inserts.ia_drd"": 12286527552}"
B,13,3,13.0,301047,60209.0,0,290973,"{""unc_cha_core_snp.evict_one"": 133801, ""unc_cha_core_snp.evict_gtone"": 167246, ""unc_cha_rxc_req_q1_retry.sf_victim"": 0, ""unc_cha_tor_inserts.ia_drd_pref"": 290973, ""unc_cha_tor_inserts.ia_drd"": 12226319008}"
B,13,4,13.01,338354,67671.0,0,367293,"{""unc_cha_core_snp.evict_one"": 169536, ""unc_cha_core_snp.evict_gtone"": 168818, ""unc_cha_rxc_req_q1_retry.sf_victim"": 0, ""unc_cha_tor_inserts.ia_drd_pref"": 367293, ""unc_cha_tor_inserts.ia_drd"": 12276320113}"
B,13,5,13.81,289201,57840.0,0,262733,"{""unc_cha_core_snp.evict_one"": 120587, ""unc_cha_core_snp.evict_gtone"": 168614, ""unc_cha_rxc_req_q1_retry.sf_victim"": 0, ""unc_cha_tor_inserts.ia_drd_pref"": 262733, ""unc_cha_tor_inserts.ia_drd"": 12000578498}"
B,13,6,13.07,370162,74032.0,0,1045919,"{""unc_cha_core_snp.evict_one"": 195032, ""unc_cha_core_snp.evict_gtone"": 175130, ""unc_cha_rxc_req_q1_retry.sf_victim"": 0, ""unc_cha_tor_inserts.ia_drd_pref"": 1045919, ""unc_cha_tor_inserts.ia_drd"": 12331278395}"
B,13,7,12.97,310570,62114.0,0,823060,"{""unc_cha_core_snp.evict_one"": 138336, ""unc_cha_core_snp.evict_gtone"": 172234, ""unc_cha_rxc_req_q1_retry.sf_victim"": 0, ""unc_cha_tor_inserts.ia_drd_pref"": 823060, ""unc_cha_tor_inserts.ia_drd"": 12223379143}"
B,13,8,13.26,310378,62076.0,0,579315,"{""unc_cha_core_snp.evict_one"": 142963, ""unc_cha_core_snp.evict_gtone"": 167415, ""unc_cha_rxc_req_q1_retry.sf_victim"": 0, ""unc_cha_tor_inserts.ia_drd_pref"": 579315, ""unc_cha_tor_inserts.ia_drd"": 12476082430}"
B,13,9,13.0,322972,64594.0,0,284695,"{""unc_cha_core_snp.evict_one"": 151937, ""unc_cha_core_snp.evict_gtone"": 171035, ""unc_cha_rxc_req_q1_retry.sf_victim"": 0, ""unc_cha_tor_inserts.ia_drd_pref"": 284695, ""unc_cha_tor_inserts.ia_drd"": 12235124446}"
B,15,0,15.76,277615,55523.0,0,251683,"{""unc_cha_core_snp.evict_one"": 117814, ""unc_cha_core_snp.evict_gtone"": 159801, ""unc_cha_rxc_req_q1_retry.sf_victim"": 0, ""unc_cha_tor_inserts.ia_drd_pref"": 251683, ""unc_cha_tor_inserts.ia_drd"": 13627833385}"
B,15,1,15.89,285712,57142.0,0,434129,"{""unc_cha_core_snp.evict_one"": 123049, ""unc_cha_core_snp.evict_gtone"": 162663, ""unc_cha_rxc_req_q1_retry.sf_victim"": 0, ""unc_cha_tor_inserts.ia_drd_pref"": 434129, ""unc_cha_tor_inserts.ia_drd"": 13728964843}"
B,15,2,14.92,301247,60249.0,0,240541,"{""unc_cha_core_snp.evict_one"": 139784, ""unc_cha_core_snp.evict_gtone"": 161463, ""unc_cha_rxc_req_q1_retry.sf_victim"": 0, ""unc_cha_tor_inserts.ia_drd_pref"": 240541, ""unc_cha_tor_inserts.ia_drd"": 13960592362}"
B,15,3,15.85,307460,61492.0,0,526282,"{""unc_cha_core_snp.evict_one"": 137252, ""unc_cha_core_snp.evict_gtone"": 170208, ""unc_cha_rxc_req_q1_retry.sf_victim"": 0, ""unc_cha_tor_inserts.ia_drd_pref"": 526282, ""unc_cha_tor_inserts.ia_drd"": 13683870500}"
B,15,4,15.89,277662,55532.0,0,220606,"{""unc_cha_core_snp.evict_one"": 113435, ""unc_cha_core_snp.evict_gtone"": 164227, ""unc_cha_rxc_req_q1_retry.sf_victim"": 0, ""unc_cha_tor_inserts.ia_drd_pref"": 220606, ""unc_cha_tor_inserts.ia_drd"": 13749786710}"
B,15,5,15.89,267655,53531.0,0,234742,"{""unc_cha_core_snp.evict_one"": 103824, ""unc_cha_core_snp.evict_gtone"": 163831, ""unc_cha_rxc_req_q1_retry.sf_victim"": 0, ""unc_cha_tor_inserts.ia_drd_pref"": 234742, ""unc_cha_tor_inserts.ia_drd"": 13723918830}"
B,15,6,15.89,314942,62988.0,0,248756,"{""unc_cha_core_snp.evict_one"": 150177, ""unc_cha_core_snp.evict_gtone"": 164765, ""unc_cha_rxc_req_q1_retry.sf_victim"": 0, ""unc_cha_tor_inserts.ia_drd_pref"": 248756, ""unc_cha_tor_inserts.ia_drd"": 13730776423}"
B,15,7,15.84,283378,56676.0,0,231948,"{""unc_cha_core_snp.evict_one"": 118836, ""unc_cha_core_snp.evict_gtone"": 164542, ""unc_cha_rxc_req_q1_retry.sf_victim"": 0, ""unc_cha_tor_inserts.ia_drd_pref"": 231948, ""unc_cha_tor_inserts.ia_drd"": 13683325619}"
B,15,8,15.89,355922,71184.0,0,506330,"{""unc_cha_core_snp.evict_one"": 174173, ""unc_cha_core_snp.evict_gtone"": 181749, ""unc_cha_rxc_req_q1_retry.sf_victim"": 0, ""unc_cha_tor_inserts.ia_drd_pref"": 506330, ""unc_cha_tor_inserts.ia_drd"": 13713271751}"
B,15,9,15.74,275413,55083.0,0,254521,"{""unc_cha_core_snp.evict_one"": 105809, ""unc_cha_core_snp.evict_gtone"": 169604, ""unc_cha_rxc_req_q1_retry.sf_victim"": 0, ""unc_cha_tor_inserts.ia_drd_pref"": 254521, ""unc_cha_tor_inserts.ia_drd"": 13597325507}"
C,1,0,1.04,122765,24553.0,0,927631427,"{""unc_cha_core_snp.evict_one"": 73618, ""unc_cha_core_snp.evict_gtone"": 49147, ""unc_cha_rxc_req_q1_retry.sf_victim"": 0, ""unc_cha_tor_inserts.ia_drd_pref"": 927631427, ""unc_cha_tor_inserts.ia_drd"": 76263130}"
C,1,1,1.07,109549,21910.0,0,939727801,"{""unc_cha_core_snp.evict_one"": 66330, ""unc_cha_core_snp.evict_gtone"": 43219, ""unc_cha_rxc_req_q1_retry.sf_victim"": 0, ""unc_cha_tor_inserts.ia_drd_pref"": 939727801, ""unc_cha_tor_inserts.ia_drd"": 75853891}"
C,1,2,1.07,97680,19536.0,0,933092075,"{""unc_cha_core_snp.evict_one"": 54470, ""unc_cha_core_snp.evict_gtone"": 43210, ""unc_cha_rxc_req_q1_retry.sf_victim"": 0, ""unc_cha_tor_inserts.ia_drd_pref"": 933092075, ""unc_cha_tor_inserts.ia_drd"": 77678096}"
C,1,3,1.07,105416,21083.0,0,935960722,"{""unc_cha_core_snp.evict_one"": 59635, ""unc_cha_core_snp.evict_gtone"": 45781, ""unc_cha_rxc_req_q1_retry.sf_victim"": 0, ""unc_cha_tor_inserts.ia_drd_pref"": 935960722, ""unc_cha_tor_inserts.ia_drd"": 76140440}"
C,1,4,1.06,910665,182133.0,0,953850578,"{""unc_cha_core_snp.evict_one"": 627925, ""unc_cha_core_snp.evict_gtone"": 282740, ""unc_cha_rxc_req_q1_retry.sf_victim"": 0, ""unc_cha_tor_inserts.ia_drd_pref"": 953850578, ""unc_cha_tor_inserts.ia_drd"": 88305288}"
C,1,5,1.0,211153,42231.0,0,980230827,"{""unc_cha_core_snp.evict_one"": 142088, ""unc_cha_core_snp.evict_gtone"": 69065, ""unc_cha_rxc_req_q1_retry.sf_victim"": 0, ""unc_cha_tor_inserts.ia_drd_pref"": 980230827, ""unc_cha_tor_inserts.ia_drd"": 87273777}"
C,1,6,1.06,243331,48666.0,0,965856188,"{""unc_cha_core_snp.evict_one"": 173506, ""unc_cha_core_snp.evict_gtone"": 69825, ""unc_cha_rxc_req_q1_retry.sf_victim"": 0, ""unc_cha_tor_inserts.ia_drd_pref"": 965856188, ""unc_cha_tor_inserts.ia_drd"": 92752876}"
C,1,7,1.07,494518,98904.0,0,968115603,"{""unc_cha_core_snp.evict_one"": 341264, ""unc_cha_core_snp.evict_gtone"": 153254, ""unc_cha_rxc_req_q1_retry.sf_victim"": 0, ""unc_cha_tor_inserts.ia_drd_pref"": 968115603, ""unc_cha_tor_inserts.ia_drd"": 91136140}"
C,1,8,1.07,474796,94959.0,0,961654412,"{""unc_cha_core_snp.evict_one"": 346802, ""unc_cha_core_snp.evict_gtone"": 127994, ""unc_cha_rxc_req_q1_retry.sf_victim"": 0, ""unc_cha_tor_inserts.ia_drd_pref"": 961654412, ""unc_cha_tor_inserts.ia_drd"": 88264236}"
C,1,9,1.06,209915,41983.0,0,953582145,"{""unc_cha_core_snp.evict_one"": 149160, ""unc_cha_core_snp.evict_gtone"": 60755, ""unc_cha_rxc_req_q1_retry.sf_victim"": 0, ""unc_cha_tor_inserts.ia_drd_pref"": 953582145, ""unc_cha_tor_inserts.ia_drd"": 88218087}"
C,3,0,3.14,571142,114228.0,0,2785185160,"{""unc_cha_core_snp.evict_one"": 377827, ""unc_cha_core_snp.evict_gtone"": 193315, ""unc_cha_rxc_req_q1_retry.sf_victim"": 0, ""unc_cha_tor_inserts.ia_drd_pref"": 2785185160, ""unc_cha_tor_inserts.ia_drd"": 229420888}"
C,3,1,3.17,335236,67047.0,0,2812104324,"{""unc_cha_core_snp.evict_one"": 221580, ""unc_cha_core_snp.evict_gtone"": 113656, ""unc_cha_rxc_req_q1_retry.sf_victim"": 0, ""unc_cha_tor_inserts.ia_drd_pref"": 2812104324, ""unc_cha_tor_inserts.ia_drd"": 228317315}"
C,3,2,3.11,271979,54396.0,0,2750225656,"{""unc_cha_core_snp.evict_one"": 159049, ""unc_cha_core_snp.evict_gtone"": 112930, ""unc_cha_rxc_req_q1_retry.sf_victim"": 0, ""unc_cha_tor_inserts.ia_drd_pref"": 2750225656, ""unc_cha_tor_inserts.ia_drd"": 224534461}"
C,3,3,3.15,293694,58739.0,0,2784039265,"{""unc_cha_core_snp.evict_one"": 183502, ""unc_cha_core_snp.evict_gtone"": 110192, ""unc_cha_rxc_req_q1_retry.sf_victim"": 0, ""unc_cha_tor_inserts.ia_drd_pref"": 2784039265, ""unc_cha_tor_inserts.ia_drd"": 230711347}"
C,3,4,3.12,302540,60508.0,0,2773461909,"{""unc_cha_core_snp.evict_one"": 171610, ""unc_cha_core_snp.evict_gtone"": 130930, ""unc_cha_rxc_req_q1_retry.sf_victim"": 0, ""unc_cha_tor_inserts.ia_drd_pref"": 2773461909, ""unc_cha_tor_inserts.ia_drd"": 229613809}"
C,3,5,3.14,545940,109188.0,0,2782100059,"{""unc_cha_core_snp.evict_one"": 346162, ""unc_cha_core_snp.evict_gtone"": 199778, ""unc_cha_rxc_req_q1_retry.sf_victim"": 0, ""unc_cha_tor_inserts.ia_drd_pref"": 2782100059, ""unc_cha_tor_inserts.ia_drd"": 228484750}"
C,3,6,3.14,574020,114804.0,0,2786693642,"{""unc_cha_core_snp.evict_one"": 381702, ""unc_cha_core_snp.evict_gtone"": 192318, ""unc_cha_rxc_req_q1_retry.sf_victim"": 0, ""unc_cha_tor_inserts.ia_drd_pref"": 2786693642, ""unc_cha_tor_inserts.ia_drd"": 228466298}"
C,3,7,3.14,573686,114737.0,0,2768543585,"{""unc_cha_core_snp.evict_one"": 366794, ""unc_cha_core_snp.evict_gtone"": 206892, ""unc_cha_rxc_req_q1_retry.sf_victim"": 0, ""unc_cha_tor_inserts.ia_drd_pref"": 2768543585, ""unc_cha_tor_inserts.ia_drd"": 229558017}"
C,3,8,3.15,869907,173981.0,0,2774797340,"{""unc_cha_core_snp.evict_one"": 601484, ""unc_cha_core_snp.evict_gtone"": 268423, ""unc_cha_rxc_req_q1_retry.sf_victim"": 0, ""unc_cha_tor_inserts.ia_drd_pref"": 2774797340, ""unc_cha_tor_inserts.ia_drd"": 223877803}"
C,3,9,3.12,286870,57374.0,0,2740308744,"{""unc_cha_core_snp.evict_one"": 160756, ""unc_cha_core_snp.evict_gtone"": 126114, ""unc_cha_rxc_req_q1_retry.sf_victim"": 0, ""unc_cha_tor_inserts.ia_drd_pref"": 2740308744, ""unc_cha_tor_inserts.ia_drd"": 218445223}"
C,5,0,5.17,325609,65122.0,0,4526892508,"{""unc_cha_core_snp.evict_one"": 188324, ""unc_cha_core_snp.evict_gtone"": 137285, ""unc_cha_rxc_req_q1_retry.sf_victim"": 0, ""unc_cha_tor_inserts.ia_drd_pref"": 4526892508, ""unc_cha_tor_inserts.ia_drd"": 357148440}"
C,5,1,5.12,431397,86279.0,0,4488035112,"{""unc_cha_core_snp.evict_one"": 276528, ""unc_cha_core_snp.evict_gtone"": 154869, ""unc_cha_rxc_req_q1_retry.sf_victim"": 0, ""unc_cha_tor_inserts.ia_drd_pref"": 4488035112, ""unc_cha_tor_inserts.ia_drd"": 361977400}"
C,5,2,5.07,348837,69767.0,0,4454771787,"{""unc_cha_core_snp.evict_one"": 206238, ""unc_cha_core_snp.evict_gtone"": 142599, ""unc_cha_rxc_req_q1_retry.sf_victim"": 0, ""unc_cha_tor_inserts.ia_drd_pref"": 4454771787, ""unc_cha_tor_inserts.ia_drd"": 361603439}"
C,5,3,5.13,591749,118350.0,0,4525553876,"{""unc_cha_core_snp.evict_one"": 356075, ""unc_cha_core_snp.evict_gtone"": 235674, ""unc_cha_rxc_req_q1_retry.sf_victim"": 0, ""unc_cha_tor_inserts.ia_drd_pref"": 4525553876, ""unc_cha_tor_inserts.ia_drd"": 359747777}"
C,5,4,5.18,684719,136944.0,0,4562125072,"{""unc_cha_core_snp.evict_one"": 454945, ""unc_cha_core_snp.evict_gtone"": 229774, ""unc_cha_rxc_req_q1_retry.sf_victim"": 0, ""unc_cha_tor_inserts.ia_drd_pref"": 4562125072, ""unc_cha_tor_inserts.ia_drd"": 366740179}"
C,5,5,5.17,758766,151753.0,0,4542459644,"{""unc_cha_core_snp.evict_one"": 498613, ""unc_cha_core_snp.evict_gtone"": 260153, ""unc_cha_rxc_req_q1_retry.sf_victim"": 0, ""unc_cha_tor_inserts.ia_drd_pref"": 4542459644, ""unc_cha_tor_inserts.ia_drd"": 367657183}"
C,5,6,5.18,404734,80947.0,0,4549038382,"{""unc_cha_core_snp.evict_one"": 252521, ""unc_cha_core_snp.evict_gtone"": 152213, ""unc_cha_rxc_req_q1_retry.sf_victim"": 0, ""unc_cha_tor_inserts.ia_drd_pref"": 4549038382, ""unc_cha_tor_inserts.ia_drd"": 365323858}"
C,5,7,5.12,493363,98673.0,0,4496832652,"{""unc_cha_core_snp.evict_one"": 311851, ""unc_cha_core_snp.evict_gtone"": 181512, ""unc_cha_rxc_req_q1_retry.sf_victim"": 0, ""unc_cha_tor_inserts.ia_drd_pref"": 4496832652, ""unc_cha_tor_inserts.ia_drd"": 364407825}"
C,5,8,5.17,342460,68492.0,0,4536410233,"{""unc_cha_core_snp.evict_one"": 192848, ""unc_cha_core_snp.evict_gtone"": 149612, ""unc_cha_rxc_req_q1_retry.sf_victim"": 0, ""unc_cha_tor_inserts.ia_drd_pref"": 4536410233, ""unc_cha_tor_inserts.ia_drd"": 357704623}"
C,5,9,5.16,730022,146004.0,0,4534698033,"{""unc_cha_core_snp.evict_one"": 464625, ""unc_cha_core_snp.evict_gtone"": 265397, ""unc_cha_rxc_req_q1_retry.sf_victim"": 0, ""unc_cha_tor_inserts.ia_drd_pref"": 4534698033, ""unc_cha_tor_inserts.ia_drd"": 367777484}"
C,7,0,7.1,927178,185436.0,0,6224361887,"{""unc_cha_core_snp.evict_one"": 628578, ""unc_cha_core_snp.evict_gtone"": 298600, ""unc_cha_rxc_req_q1_retry.sf_victim"": 0, ""unc_cha_tor_inserts.ia_drd_pref"": 6224361887, ""unc_cha_tor_inserts.ia_drd"": 498636920}"
C,7,1,7.11,460699,92140.0,0,6232492831,"{""unc_cha_core_snp.evict_one"": 285158, ""unc_cha_core_snp.evict_gtone"": 175541, ""unc_cha_rxc_req_q1_retry.sf_victim"": 0, ""unc_cha_tor_inserts.ia_drd_pref"": 6232492831, ""unc_cha_tor_inserts.ia_drd"": 499723224}"
C,7,2,7.11,366755,73351.0,0,6230901254,"{""unc_cha_core_snp.evict_one"": 200090, ""unc_cha_core_snp.evict_gtone"": 166665, ""unc_cha_rxc_req_q1_retry.sf_victim"": 0, ""unc_cha_tor_inserts.ia_drd_pref"": 6230901254, ""unc_cha_tor_inserts.ia_drd"": 504290454}"
C,7,3,7.25,663413,132683.0,0,6359725149,"{""unc_cha_core_snp.evict_one"": 405695, ""unc_cha_core_snp.evict_gtone"": 257718, ""unc_cha_rxc_req_q1_retry.sf_victim"": 0, ""unc_cha_tor_inserts.ia_drd_pref"": 6359725149, ""unc_cha_tor_inserts.ia_drd"": 509485090}"
C,7,4,7.19,794386,158877.0,0,6319945017,"{""unc_cha_core_snp.evict_one"": 524702, ""unc_cha_core_snp.evict_gtone"": 269684, ""unc_cha_rxc_req_q1_retry.sf_victim"": 0, ""unc_cha_tor_inserts.ia_drd_pref"": 6319945017, ""unc_cha_tor_inserts.ia_drd"": 498770139}"
C,7,5,7.06,455528,91106.0,0,6212675937,"{""unc_cha_core_snp.evict_one"": 263992, ""unc_cha_core_snp.evict_gtone"": 191536, ""unc_cha_rxc_req_q1_retry.sf_victim"": 0, ""unc_cha_tor_inserts.ia_drd_pref"": 6212675937, ""unc_cha_tor_inserts.ia_drd"": 505819525}"
C,7,6,7.07,686309,137262.0,0,6212592618,"{""unc_cha_core_snp.evict_one"": 420772, ""unc_cha_core_snp.evict_gtone"": 265537, ""unc_cha_rxc_req_q1_retry.sf_victim"": 0, ""unc_cha_tor_inserts.ia_drd_pref"": 6212592618, ""unc_cha_tor_inserts.ia_drd"": 502131009}"
C,7,7,7.04,791571,158314.0,0,6173738205,"{""unc_cha_core_snp.evict_one"": 511760, ""unc_cha_core_snp.evict_gtone"": 279811, ""unc_cha_rxc_req_q1_retry.sf_victim"": 0, ""unc_cha_tor_inserts.ia_drd_pref"": 6173738205, ""unc_cha_tor_inserts.ia_drd"": 503493684}"
C,7,8,7.07,535154,107031.0,0,6218400238,"{""unc_cha_core_snp.evict_one"": 325502, ""unc_cha_core_snp.evict_gtone"": 209652, ""unc_cha_rxc_req_q1_retry.sf_victim"": 0, ""unc_cha_tor_inserts.ia_drd_pref"": 6218400238, ""unc_cha_tor_inserts.ia_drd"": 499350028}"
C,7,9,7.11,693977,138795.0,0,6223008824,"{""unc_cha_core_snp.evict_one"": 415714, ""unc_cha_core_snp.evict_gtone"": 278263, ""unc_cha_rxc_req_q1_retry.sf_victim"": 0, ""unc_cha_tor_inserts.ia_drd_pref"": 6223008824, ""unc_cha_tor_inserts.ia_drd"": 504251365}"
C,9,0,8.97,445032,89006.0,0,7866084925,"{""unc_cha_core_snp.evict_one"": 256951, ""unc_cha_core_snp.evict_gtone"": 188081, ""unc_cha_rxc_req_q1_retry.sf_victim"": 0, ""unc_cha_tor_inserts.ia_drd_pref"": 7866084925, ""unc_cha_tor_inserts.ia_drd"": 641264236}"
C,9,1,9.47,682755,136551.0,0,7746466713,"{""unc_cha_core_snp.evict_one"": 416797, ""unc_cha_core_snp.evict_gtone"": 265958, ""unc_cha_rxc_req_q1_retry.sf_victim"": 0, ""unc_cha_tor_inserts.ia_drd_pref"": 7746466713, ""unc_cha_tor_inserts.ia_drd"": 627423506}"
C,9,2,9.06,760554,152111.0,0,7790742503,"{""unc_cha_core_snp.evict_one"": 481837, ""unc_cha_core_snp.evict_gtone"": 278717, ""unc_cha_rxc_req_q1_retry.sf_victim"": 0, ""unc_cha_tor_inserts.ia_drd_pref"": 7790742503, ""unc_cha_tor_inserts.ia_drd"": 630067541}"
C,9,3,9.31,446037,89207.0,0,7768342259,"{""unc_cha_core_snp.evict_one"": 253841, ""unc_cha_core_snp.evict_gtone"": 192196, ""unc_cha_rxc_req_q1_retry.sf_victim"": 0, ""unc_cha_tor_inserts.ia_drd_pref"": 7768342259, ""unc_cha_tor_inserts.ia_drd"": 631921901}"
C,9,4,9.58,421039,84208.0,0,7702922371,"{""unc_cha_core_snp.evict_one"": 233657, ""unc_cha_core_snp.evict_gtone"": 187382, ""unc_cha_rxc_req_q1_retry.sf_victim"": 0, ""unc_cha_tor_inserts.ia_drd_pref"": 7702922371, ""unc_cha_tor_inserts.ia_drd"": 616291855}"
C,9,5,9.49,439433,87887.0,0,7705830129,"{""unc_cha_core_snp.evict_one"": 252074, ""unc_cha_core_snp.evict_gtone"": 187359, ""unc_cha_rxc_req_q1_retry.sf_victim"": 0, ""unc_cha_tor_inserts.ia_drd_pref"": 7705830129, ""unc_cha_tor_inserts.ia_drd"": 619942958}"
C,9,6,9.01,702497,140499.0,0,7894704791,"{""unc_cha_core_snp.evict_one"": 434193, ""unc_cha_core_snp.evict_gtone"": 268304, ""unc_cha_rxc_req_q1_retry.sf_victim"": 0, ""unc_cha_tor_inserts.ia_drd_pref"": 7894704791, ""unc_cha_tor_inserts.ia_drd"": 644087186}"
C,9,7,9.15,622864,124573.0,0,7779801508,"{""unc_cha_core_snp.evict_one"": 392135, ""unc_cha_core_snp.evict_gtone"": 230729, ""unc_cha_rxc_req_q1_retry.sf_victim"": 0, ""unc_cha_tor_inserts.ia_drd_pref"": 7779801508, ""unc_cha_tor_inserts.ia_drd"": 629540794}"
C,9,8,9.29,499263,99853.0,0,7748172584,"{""unc_cha_core_snp.evict_one"": 302879, ""unc_cha_core_snp.evict_gtone"": 196384, ""unc_cha_rxc_req_q1_retry.sf_victim"": 0, ""unc_cha_tor_inserts.ia_drd_pref"": 7748172584, ""unc_cha_tor_inserts.ia_drd"": 618968326}"
C,9,9,8.98,417425,83485.0,0,7873642238,"{""unc_cha_core_snp.evict_one"": 233090, ""unc_cha_core_snp.evict_gtone"": 184335, ""unc_cha_rxc_req_q1_retry.sf_victim"": 0, ""unc_cha_tor_inserts.ia_drd_pref"": 7873642238, ""unc_cha_tor_inserts.ia_drd"": 637404509}"
C,11,0,11.6,686789,137358.0,0,9439534363,"{""unc_cha_core_snp.evict_one"": 461029, ""unc_cha_core_snp.evict_gtone"": 225760, ""unc_cha_rxc_req_q1_retry.sf_victim"": 0, ""unc_cha_tor_inserts.ia_drd_pref"": 9439534363, ""unc_cha_tor_inserts.ia_drd"": 775608264}"
C,11,1,11.66,386814,77363.0,0,9361759491,"{""unc_cha_core_snp.evict_one"": 199250, ""unc_cha_core_snp.evict_gtone"": 187564, ""unc_cha_rxc_req_q1_retry.sf_victim"": 0, ""unc_cha_tor_inserts.ia_drd_pref"": 9361759491, ""unc_cha_tor_inserts.ia_drd"": 749969619}"
C,11,2,11.63,1242973,248595.0,0,9342568911,"{""unc_cha_core_snp.evict_one"": 878866, ""unc_cha_core_snp.evict_gtone"": 364107, ""unc_cha_rxc_req_q1_retry.sf_victim"": 0, ""unc_cha_tor_inserts.ia_drd_pref"": 9342568911, ""unc_cha_tor_inserts.ia_drd"": 764030144}"
C,11,3,11.29,552694,110539.0,0,9486493580,"{""unc_cha_core_snp.evict_one"": 342815, ""unc_cha_core_snp.evict_gtone"": 209879, ""unc_cha_rxc_req_q1_retry.sf_victim"": 0, ""unc_cha_tor_inserts.ia_drd_pref"": 9486493580, ""unc_cha_tor_inserts.ia_drd"": 766101707}"
C,11,4,11.5,690703,138141.0,0,9230269715,"{""unc_cha_core_snp.evict_one"": 418141, ""unc_cha_core_snp.evict_gtone"": 272562, ""unc_cha_rxc_req_q1_retry.sf_victim"": 0, ""unc_cha_tor_inserts.ia_drd_pref"": 9230269715, ""unc_cha_tor_inserts.ia_drd"": 751871962}"
C,11,5,11.54,337793,67559.0,0,9260028840,"{""unc_cha_core_snp.evict_one"": 166232, ""unc_cha_core_snp.evict_gtone"": 171561, ""unc_cha_rxc_req_q1_retry.sf_victim"": 0, ""unc_cha_tor_inserts.ia_drd_pref"": 9260028840, ""unc_cha_tor_inserts.ia_drd"": 752143434}"
C,11,6,11.5,396460,79292.0,0,9232385897,"{""unc_cha_core_snp.evict_one"": 216053, ""unc_cha_core_snp.evict_gtone"": 180407, ""unc_cha_rxc_req_q1_retry.sf_victim"": 0, ""unc_cha_tor_inserts.ia_drd_pref"": 9232385897, ""unc_cha_tor_inserts.ia_drd"": 737226373}"
C,11,7,11.39,713132,142626.0,0,9153052962,"{""unc_cha_core_snp.evict_one"": 442195, ""unc_cha_core_snp.evict_gtone"": 270937, ""unc_cha_rxc_req_q1_retry.sf_victim"": 0, ""unc_cha_tor_inserts.ia_drd_pref"": 9153052962, ""unc_cha_tor_inserts.ia_drd"": 723915732}"
C,11,8,11.72,506740,101348.0,0,9405467785,"{""unc_cha_core_snp.evict_one"": 307008, ""unc_cha_core_snp.evict_gtone"": 199732, ""unc_cha_rxc_req_q1_retry.sf_victim"": 0, ""unc_cha_tor_inserts.ia_drd_pref"": 9405467785, ""unc_cha_tor_inserts.ia_drd"": 763624206}"
C,11,9,11.58,390879,78176.0,0,9441687633,"{""unc_cha_core_snp.evict_one"": 202570, ""unc_cha_core_snp.evict_gtone"": 188309, ""unc_cha_rxc_req_q1_retry.sf_victim"": 0, ""unc_cha_tor_inserts.ia_drd_pref"": 9441687633, ""unc_cha_tor_inserts.ia_drd"": 757422582}"
C,13,0,13.49,384333,76867.0,0,10826850823,"{""unc_cha_core_snp.evict_one"": 200557, ""unc_cha_core_snp.evict_gtone"": 183776, ""unc_cha_rxc_req_q1_retry.sf_victim"": 0, ""unc_cha_tor_inserts.ia_drd_pref"": 10826850823, ""unc_cha_tor_inserts.ia_drd"": 862755931}"
C,13,1,13.36,788512,157702.0,0,10739955843,"{""unc_cha_core_snp.evict_one"": 522255, ""unc_cha_core_snp.evict_gtone"": 266257, ""unc_cha_rxc_req_q1_retry.sf_victim"": 0, ""unc_cha_tor_inserts.ia_drd_pref"": 10739955843, ""unc_cha_tor_inserts.ia_drd"": 876089943}"
C,13,2,13.46,523348,104670.0,0,10821539621,"{""unc_cha_core_snp.evict_one"": 328234, ""unc_cha_core_snp.evict_gtone"": 195114, ""unc_cha_rxc_req_q1_retry.sf_victim"": 0, ""unc_cha_tor_inserts.ia_drd_pref"": 10821539621, ""unc_cha_tor_inserts.ia_drd"": 871708475}"
C,13,3,13.49,504694,100939.0,0,10834043205,"{""unc_cha_core_snp.evict_one"": 298690, ""unc_cha_core_snp.evict_gtone"": 206004, ""unc_cha_rxc_req_q1_retry.sf_victim"": 0, ""unc_cha_tor_inserts.ia_drd_pref"": 10834043205, ""unc_cha_tor_inserts.ia_drd"": 876117299}"
C,13,4,13.46,570510,114102.0,0,10808690545,"{""unc_cha_core_snp.evict_one"": 361602, ""unc_cha_core_snp.evict_gtone"": 208908, ""unc_cha_rxc_req_q1_retry.sf_victim"": 0, ""unc_cha_tor_inserts.ia_drd_pref"": 10808690545, ""unc_cha_tor_inserts.ia_drd"": 869379138}"
C,13,5,13.51,496739,99348.0,0,10854196108,"{""unc_cha_core_snp.evict_one"": 296130, ""unc_cha_core_snp.evict_gtone"": 200609, ""unc_cha_rxc_req_q1_retry.sf_victim"": 0, ""unc_cha_tor_inserts.ia_drd_pref"": 10854196108, ""unc_cha_tor_inserts.ia_drd"": 877304581}"
C,13,6,13.71,553964,110793.0,0,11009527266,"{""unc_cha_core_snp.evict_one"": 335706, ""unc_cha_core_snp.evict_gtone"": 218258, ""unc_cha_rxc_req_q1_retry.sf_victim"": 0, ""unc_cha_tor_inserts.ia_drd_pref"": 11009527266, ""unc_cha_tor_inserts.ia_drd"": 869874993}"
C,13,7,13.36,854846,170969.0,0,10737455430,"{""unc_cha_core_snp.evict_one"": 556547, ""unc_cha_core_snp.evict_gtone"": 298299, ""unc_cha_rxc_req_q1_retry.sf_victim"": 0, ""unc_cha_tor_inserts.ia_drd_pref"": 10737455430, ""unc_cha_tor_inserts.ia_drd"": 862891977}"
C,13,8,13.34,521688,104338.0,0,10719734854,"{""unc_cha_core_snp.evict_one"": 304283, ""unc_cha_core_snp.evict_gtone"": 217405, ""unc_cha_rxc_req_q1_retry.sf_victim"": 0, ""unc_cha_tor_inserts.ia_drd_pref"": 10719734854, ""unc_cha_tor_inserts.ia_drd"": 855575181}"
C,13,9,13.72,789224,157845.0,0,10999496726,"{""unc_cha_core_snp.evict_one"": 447227, ""unc_cha_core_snp.evict_gtone"": 341997, ""unc_cha_rxc_req_q1_retry.sf_victim"": 0, ""unc_cha_tor_inserts.ia_drd_pref"": 10999496726, ""unc_cha_tor_inserts.ia_drd"": 885205385}"
C,15,0,15.0,780181,156036.0,0,11997304219,"{""unc_cha_core_snp.evict_one"": 489731, ""unc_cha_core_snp.evict_gtone"": 290450, ""unc_cha_rxc_req_q1_retry.sf_victim"": 0, ""unc_cha_tor_inserts.ia_drd_pref"": 11997304219, ""unc_cha_tor_inserts.ia_drd"": 973479600}"
C,15,1,15.17,792436,158487.0,0,12066470655,"{""unc_cha_core_snp.evict_one"": 468321, ""unc_cha_core_snp.evict_gtone"": 324115, ""unc_cha_rxc_req_q1_retry.sf_victim"": 0, ""unc_cha_tor_inserts.ia_drd_pref"": 12066470655, ""unc_cha_tor_inserts.ia_drd"": 961835031}"
C,15,2,15.28,527087,105417.0,0,12021911826,"{""unc_cha_core_snp.evict_one"": 306050, ""unc_cha_core_snp.evict_gtone"": 221037, ""unc_cha_rxc_req_q1_retry.sf_victim"": 0, ""unc_cha_tor_inserts.ia_drd_pref"": 12021911826, ""unc_cha_tor_inserts.ia_drd"": 967400829}"
C,15,3,14.86,800628,160126.0,0,12019556681,"{""unc_cha_core_snp.evict_one"": 405536, ""unc_cha_core_snp.evict_gtone"": 395092, ""unc_cha_rxc_req_q1_retry.sf_victim"": 0, ""unc_cha_tor_inserts.ia_drd_pref"": 12019556681, ""unc_cha_tor_inserts.ia_drd"": 975054142}"
C,15,4,14.85,504197,100839.0,0,11999981749,"{""unc_cha_core_snp.evict_one"": 280720, ""unc_cha_core_snp.evict_gtone"": 223477, ""unc_cha_rxc_req_q1_retry.sf_victim"": 0, ""unc_cha_tor_inserts.ia_drd_pref"": 11999981749, ""unc_cha_tor_inserts.ia_drd"": 964119803}"
C,15,5,15.02,481463,96293.0,0,12136367249,"{""unc_cha_core_snp.evict_one"": 250305, ""unc_cha_core_snp.evict_gtone"": 231158, ""unc_cha_rxc_req_q1_retry.sf_victim"": 0, ""unc_cha_tor_inserts.ia_drd_pref"": 12136367249, ""unc_cha_tor_inserts.ia_drd"": 982744050}"
C,15,6,15.01,460387,92077.0,0,12153966000,"{""unc_cha_core_snp.evict_one"": 231951, ""unc_cha_core_snp.evict_gtone"": 228436, ""unc_cha_rxc_req_q1_retry.sf_victim"": 0, ""unc_cha_tor_inserts.ia_drd_pref"": 12153966000, ""unc_cha_tor_inserts.ia_drd"": 964363300}"
C,15,7,14.99,699427,139885.0,0,12043946030,"{""unc_cha_core_snp.evict_one"": 423399, ""unc_cha_core_snp.evict_gtone"": 276028, ""unc_cha_rxc_req_q1_retry.sf_victim"": 0, ""unc_cha_tor_inserts.ia_drd_pref"": 12043946030, ""unc_cha_tor_inserts.ia_drd"": 968868533}"
C,15,8,14.96,475450,95090.0,0,12016078306,"{""unc_cha_core_snp.evict_one"": 254321, ""unc_cha_core_snp.evict_gtone"": 221129, ""unc_cha_rxc_req_q1_retry.sf_victim"": 0, ""unc_cha_tor_inserts.ia_drd_pref"": 12016078306, ""unc_cha_tor_inserts.ia_drd"": 965015898}"
C,15,9,15.04,498146,99629.0,0,12051079455,"{""unc_cha_core_snp.evict_one"": 270989, ""unc_cha_core_snp.evict_gtone"": 227157, ""unc_cha_rxc_req_q1_retry.sf_victim"": 0, ""unc_cha_tor_inserts.ia_drd_pref"": 12051079455, ""unc_cha_tor_inserts.ia_drd"": 980660551}"
