condition,n_aggressor_cores,trial,victim_cycles_per_load,victim_total_loads,aggregate_bw_gbps,agg_reported_bw,sf_evictions_per_sec,sf_evict_total,llc_victims_per_sec,l3_misses_per_sec,l2_hits_per_sec,l2_hit_rate,mc_queue_occ,tor_drd_occ
Q,0,0,81.89,34191904,0.0,0.0,38024.3,408391,0.0,33242.8,504675.8,0.9382,8268670.2,28466194.7
Q,0,1,81.84,34212128,0.0,0.0,58237.3,624986,0.0,19716.1,503852.4,0.9623,13190271.6,45360034.1
Q,0,2,81.84,34213824,0.0,0.0,52089.3,559003,0.0,21827.0,504059.3,0.9585,9757003.2,31769832.3
Q,0,3,81.86,34203040,0.0,0.0,47706.7,511971,0.0,20120.1,505311.4,0.9617,9130428.1,30848006.8
Q,0,4,81.89,34191200,0.0,0.0,37446.7,401848,0.0,24025.3,503512.9,0.9545,7774876.2,26624146.3
Q,0,5,81.83,34215296,0.0,0.0,61416.3,659072,0.0,22506.8,504628.2,0.9573,15068452.9,49889019.0
Q,0,6,81.85,34209664,0.0,0.0,58227.7,624897,0.0,25327.9,504539.5,0.9522,14597071.3,48504090.1
Q,0,7,81.88,34196512,0.0,0.0,37441.0,401780,0.0,21270.8,503051.1,0.9594,7818960.6,26317907.9
Q,0,8,81.87,34200512,0.0,0.0,40773.0,437540,0.0,22731.6,502675.4,0.9567,7751260.4,27221627.6
Q,0,9,81.85,34207136,0.0,0.0,59698.4,640627,0.0,23409.9,502233.7,0.9555,13930804.4,47053614.8
Q,0,10,81.86,34206176,0.0,0.0,99382.3,1066517,0.0,22841.6,501456.0,0.9564,18431055.2,60504414.0
Q,0,11,81.85,34209952,0.0,0.0,53025.8,569029,0.0,21495.9,501338.0,0.9589,9628005.6,32504066.7
Q,0,12,81.84,34213312,0.0,0.0,45142.2,484427,0.0,21360.0,500352.2,0.9591,7844566.6,27522691.7
Q,0,13,81.87,34201472,0.0,0.0,87115.1,934854,0.0,22825.8,494428.6,0.9559,17471752.6,59225972.3
Q,0,14,81.87,34198560,0.0,0.0,67310.7,722323,0.0,21973.1,503548.4,0.9582,14926436.8,49964363.6
Q,0,15,81.91,34182144,0.0,0.0,29734.0,319081,0.0,23129.8,487730.4,0.9547,7210974.0,24631248.6
Q,0,16,81.85,34208416,0.0,0.0,62241.9,667950,0.0,24172.1,501455.1,0.954,15216687.9,51495776.2
Q,0,17,81.85,34210016,0.0,0.0,61904.7,664291,0.0,21809.7,500898.4,0.9583,14099707.2,46596981.8
Q,0,18,81.87,34200288,0.0,0.0,39768.9,426776,0.0,21598.9,503146.8,0.9588,7689828.4,27081806.9
Q,0,19,81.83,34218688,0.0,0.0,77629.4,833028,0.0,18263.0,503599.7,0.965,16131740.0,51847881.3
Q,0,20,81.9,34188768,0.0,0.0,37586.3,403428,0.0,13422.0,508451.6,0.9743,6292805.1,20177221.9
Q,0,21,81.78,34239200,0.0,0.0,55783.4,598672,0.0,12608.4,509732.2,0.9759,11218644.2,40109043.0
Q,0,22,81.8,34230304,0.0,0.0,25091.6,269299,0.0,14073.2,509810.2,0.9731,4787038.8,17047720.7
Q,0,23,81.79,34232608,0.0,0.0,15845.3,170053,0.0,12810.9,510468.5,0.9755,3537315.2,11636127.6
Q,0,24,81.84,34213152,0.0,0.0,16156.5,173399,0.0,13991.6,510183.0,0.9733,3681653.3,11920580.5
Q,0,25,81.8,34230592,0.0,0.0,18639.2,200055,0.0,14342.7,510340.5,0.9727,4015796.3,12976890.7
Q,0,26,81.76,34245568,0.0,0.0,20132.1,216072,0.0,14795.1,509875.5,0.9718,4225924.3,13868402.0
Q,0,27,81.81,34223904,0.0,0.0,18475.1,198284,0.0,13484.5,509433.5,0.9742,3987253.2,14013296.1
Q,0,28,81.84,34212096,0.0,0.0,15147.5,162574,0.0,14663.5,509740.8,0.972,3639534.9,11848353.8
Q,0,29,81.79,34234592,0.0,0.0,15120.0,162269,0.0,13485.6,507788.6,0.9741,3481638.5,11342539.7
A,2,0,246.0,11382112,0.0,2.13,50371.4,543658,0.0,7554325.7,549210.5,0.0678,3698415821.1,49941637512.6
A,2,1,245.72,11394848,0.0,2.13,53522.2,577517,0.0,7535639.3,541520.7,0.067,3699864414.3,49959093076.2
A,2,2,245.98,11382816,0.0,2.13,48440.6,522735,0.0,7527271.3,540718.0,0.067,3698781590.5,49946427872.2
A,2,3,244.27,11462624,0.0,2.13,46751.7,504494,0.0,7539931.6,542803.1,0.0672,3698598125.9,49946051431.6
A,2,4,246.86,11342528,0.0,2.13,47789.1,515792,0.0,7532843.9,550756.7,0.0681,3699212439.3,49951721759.1
A,2,5,246.21,11372416,0.0,2.13,49303.6,532109,0.0,7543481.3,550473.3,0.068,3699000682.4,49944946210.9
A,2,6,245.79,11391712,0.0,2.13,53651.7,578905,0.0,7547556.0,541988.0,0.067,3700615935.9,49970553016.1
A,2,7,247.03,11334464,0.0,2.13,47896.0,516844,0.0,7541474.9,544934.4,0.0674,3699938098.8,49957818806.8
A,2,8,246.89,11340928,0.0,2.13,47616.3,513813,0.0,7532709.0,543293.5,0.0673,3699010505.5,49952294287.0
A,2,9,248.69,11258848,0.0,2.13,45781.9,494399,0.0,7541762.7,547525.9,0.0677,3697208386.4,49921193322.4
A,2,10,245.57,11401888,0.0,2.13,53491.3,577306,0.0,7531464.9,549185.6,0.068,3699689552.4,49954850508.6
A,2,11,246.08,11378400,0.0,2.13,48817.2,526833,0.0,7539672.2,547901.5,0.0677,3699331202.7,49953001662.3
A,2,12,244.95,11431008,0.0,2.13,50552.2,545520,0.0,7527870.8,548087.7,0.0679,3699532597.3,49956719956.0
A,2,13,245.58,11401440,0.0,2.13,49376.6,533020,0.0,7537323.4,547291.4,0.0677,3697360889.9,49922426790.6
A,2,14,246.68,11350720,0.0,2.13,49906.9,538649,0.0,7537478.4,546411.6,0.0676,3698875240.3,49943148208.9
A,2,15,246.76,11346912,0.0,2.13,49641.6,535673,0.0,7536138.6,550851.6,0.0681,3699144367.9,49945518332.8
A,2,16,245.51,11404800,0.0,2.13,48968.0,528518,0.0,7529028.8,549832.0,0.0681,3698435016.6,49947632952.8
A,2,17,244.74,11440768,0.0,2.13,50736.6,547533,0.0,7542934.5,548122.3,0.0677,3698767991.3,49950164808.4
A,2,18,246.84,11343424,0.0,2.13,47843.7,516339,0.0,7539921.7,547755.6,0.0677,3699031324.8,49947251140.4
A,2,19,246.13,11375872,0.0,2.13,48610.0,524613,0.0,7535802.0,550365.0,0.0681,3698887427.3,49944293171.9
A,2,20,247.82,11298400,0.0,2.13,49939.0,538880,0.0,7547981.3,551082.8,0.068,3700065587.8,49959334609.2
A,2,21,247.63,11307232,0.0,2.13,50373.1,543553,0.0,7543457.8,552722.9,0.0683,3700293718.1,49966772053.2
A,2,22,246.12,11376416,0.0,2.13,52189.2,563285,0.0,7532572.1,550102.7,0.0681,3696308538.6,49907067991.8
A,2,23,245.75,11393440,0.0,2.13,48177.0,519902,0.0,7539411.2,550074.9,0.068,3698573469.7,49940965595.7
A,2,24,245.78,11392384,0.0,2.13,50969.6,550091,0.0,7538623.8,548594.8,0.0678,3698508840.2,49933879582.5
A,2,25,245.7,11395968,0.0,2.13,48748.0,526006,0.0,7532628.1,549822.3,0.068,3699845671.4,49957308230.4
A,2,26,246.21,11372416,0.0,2.13,48206.3,520282,0.0,7533680.6,549226.4,0.0679,3698235374.6,49935087969.8
A,2,27,246.56,11356064,0.0,2.13,47171.0,509067,0.0,7545737.8,548890.6,0.0678,3699607791.2,49951766623.9
A,2,28,245.0,11428576,0.0,2.13,49395.8,533052,0.0,7534087.6,548439.8,0.0679,3698689405.2,49943251394.5
A,2,29,245.83,11389728,0.0,2.13,54383.6,586810,0.0,7534355.7,549544.5,0.068,3700655437.9,49970919965.0
B,2,0,154.38,18137376,0.0,2.12,42075.4,453818,0.0,6749452.1,548202.3,0.0751,3550174220.9,112340480411.1
B,2,1,154.5,18123104,0.0,2.13,42912.5,462959,0.0,6772792.2,547363.5,0.0748,3549961265.7,112178063483.4
B,2,2,154.36,18139104,0.0,2.12,48353.1,521570,0.0,6756840.0,548989.8,0.0751,3550052650.7,112200841365.2
B,2,3,154.3,18146112,0.0,2.13,48610.8,524426,0.0,6748251.4,546707.5,0.0749,3549745869.3,112172414846.6
B,2,4,154.34,18142080,0.0,2.12,46646.4,503208,0.0,6730430.0,548003.2,0.0753,3549612906.4,112128321360.7
B,2,5,152.64,18344064,0.0,2.13,48192.8,519775,0.0,6677548.1,549311.5,0.076,3550075249.3,112150133274.9
B,2,6,154.28,18148384,0.0,2.13,48656.3,524797,0.0,6725375.9,547935.6,0.0753,3549923664.9,112163045483.5
B,2,7,155.09,18054272,0.0,2.12,46647.7,503173,0.0,6744905.7,546915.9,0.075,3549745041.5,112197118702.8
B,2,8,154.64,18106688,0.0,2.13,48413.8,522224,0.0,6754227.9,546687.6,0.0749,3550376640.3,112162851724.9
B,2,9,154.6,18111104,0.0,2.13,43566.6,469899,0.0,6731071.4,549197.9,0.0754,3550069905.7,112194981947.7
B,2,10,153.71,18215904,0.0,2.12,44632.1,481395,0.0,6709382.0,548968.2,0.0756,3549540440.5,112256884180.7
B,2,11,155.34,18024192,0.0,2.13,44652.1,481720,0.0,6722419.8,547377.3,0.0753,3549624678.4,112281289469.1
B,2,12,153.93,18189504,0.0,2.13,44706.7,482230,0.0,6746324.2,546055.7,0.0749,3550255098.9,112249025795.8
B,2,13,155.06,18056736,0.0,2.13,45679.2,492725,0.0,6749891.3,549367.0,0.0753,3549956914.9,112261214916.0
B,2,14,154.96,18068864,0.0,2.13,43736.6,471774,0.0,6748387.0,549141.7,0.0753,3549330208.5,112245600533.3
B,2,15,154.22,18155776,0.0,2.13,48645.6,524740,0.0,6735238.2,539558.0,0.0742,3549834883.4,112264602513.4
B,2,16,155.01,18063360,0.0,2.13,45744.8,493332,0.0,6744937.4,538923.0,0.074,3551232545.3,112317099575.6
B,2,17,151.95,18427200,0.0,2.13,47142.4,508455,0.0,6756253.5,540952.7,0.0741,3550811247.5,112276107825.0
B,2,18,153.68,18219392,0.0,2.13,46442.0,501027,0.0,6727710.2,550235.3,0.0756,3548971161.4,112207023493.6
B,2,19,154.74,18094912,0.0,2.12,45740.8,493362,0.0,6740667.9,543668.0,0.0746,3549631413.8,112253126477.0
B,2,20,154.88,18077760,0.0,2.13,47749.8,515076,0.0,6726361.6,543067.6,0.0747,3548960141.1,112214897979.8
B,2,21,153.36,18257664,0.0,2.13,47034.0,507290,0.0,6712837.9,547685.1,0.0754,3550608301.6,112242310629.1
B,2,22,154.19,18159200,0.0,2.13,52283.3,563959,0.0,6733820.5,548707.1,0.0753,3551253214.5,112258885748.2
B,2,23,154.61,18109856,0.0,2.13,48622.9,524475,0.0,6736185.2,549527.0,0.0754,3548147247.7,112080075935.1
B,2,24,154.8,18087296,0.0,2.13,45233.7,487916,0.0,6747760.5,549293.5,0.0753,3550473270.5,112212736669.8
B,2,25,153.71,18215680,0.0,2.13,44864.3,483885,0.0,6716045.1,548292.0,0.0755,3549072907.1,112216442598.5
B,2,26,155.45,18011808,0.0,2.13,46047.0,496651,0.0,6752329.3,548097.0,0.0751,3549838182.5,112240353103.1
B,2,27,154.85,18082016,0.0,2.13,56953.6,614371,0.0,6759783.5,548429.1,0.075,3550630026.4,112210223810.9
B,2,28,153.26,18268704,0.0,2.13,49792.4,537114,0.0,6722413.1,547949.7,0.0754,3550476106.1,112239582340.9
B,2,29,154.44,18129728,0.0,2.13,49244.8,531190,0.0,6721212.4,546422.0,0.0752,3549595930.4,112155857482.5
A,3,0,277.7,10082688,0.0,3.2,51261.9,553361,0.0,7649387.8,545522.2,0.0666,3972916608.6,71023994900.6
A,3,1,276.14,10139744,0.0,3.2,52881.1,570824,0.0,7653057.3,543566.6,0.0663,3973216690.5,71015300748.1
A,3,2,278.33,10059808,0.0,3.2,52499.8,566671,0.0,7663878.7,546690.4,0.0666,3972872048.4,71005446338.8
A,3,3,278.82,10042112,0.0,3.2,46296.1,499753,0.0,7665282.0,545578.4,0.0664,3972536477.2,71007420215.0
A,3,4,276.42,10129312,0.0,3.2,47641.0,514251,0.0,7648374.0,546154.9,0.0666,3973012918.4,71019906346.0
A,3,5,278.34,10059552,0.0,3.2,51090.2,551449,0.0,7659469.0,548198.5,0.0668,3970351527.6,70969490479.8
A,3,6,278.4,10057344,0.0,3.2,47745.5,515447,0.0,7664718.5,546433.7,0.0665,3971988006.5,71000385852.1
A,3,7,275.7,10155840,0.0,3.2,50246.8,542381,0.0,7652064.7,547770.5,0.0668,3972130700.7,71006293479.5
A,3,8,278.19,10064928,0.0,3.2,52920.9,571261,0.0,7660704.0,547522.2,0.0667,3971723483.9,70995980446.8
A,3,9,278.63,10048992,0.0,3.2,49864.2,538258,0.0,7661445.5,547552.7,0.0667,3971758869.7,70991160932.6
A,3,10,276.44,10128768,0.0,3.2,50911.3,549501,0.0,7658456.0,547133.5,0.0667,3972706956.0,71005990976.6
A,3,11,278.43,10056128,0.0,3.2,48955.6,528516,0.0,7662551.6,550089.3,0.067,3971567082.6,70991478762.8
A,3,12,276.94,10110528,0.0,3.2,47250.3,510029,0.0,7657411.8,548911.8,0.0669,3971698948.8,70986301921.5
A,3,13,277.12,10103680,0.0,3.2,49040.7,529369,0.0,7655143.1,548324.5,0.0668,3971694689.6,70996830191.0
A,3,14,278.7,10046528,0.0,3.2,49016.8,529116,0.0,7667947.7,550590.0,0.067,3972461327.8,71007100623.2
A,3,15,276.71,10118720,0.0,3.2,50649.4,546771,0.0,7655789.5,550318.5,0.0671,3973218819.0,71011376899.1
A,3,16,276.7,10119136,0.0,3.2,47800.6,515917,0.0,7651831.5,550731.4,0.0671,3972060234.1,71003520479.3
A,3,17,277.79,10079360,0.0,3.2,48718.5,525879,0.0,7661062.8,551248.0,0.0671,3972736686.5,71008862907.2
A,3,18,277.01,10107840,0.0,3.2,47164.4,509101,0.0,7654516.8,548325.1,0.0668,3971742793.9,70988031958.2
A,3,19,278.8,10042816,0.0,3.2,51030.2,550839,0.0,7663476.5,550192.3,0.067,3972112944.3,70996037286.6
A,3,20,278.39,10057696,0.0,3.2,51589.5,556943,0.0,7656343.8,551924.7,0.0672,3972387034.6,71001708471.3
A,3,21,275.23,10173120,0.0,3.2,48277.7,521063,0.0,7651754.5,548347.4,0.0669,3972364584.3,71002923839.9
A,3,22,274.61,10196064,0.0,3.2,99565.5,1074759,0.0,7651078.7,550407.2,0.0671,3974534839.3,70987122272.5
A,3,23,276.39,10130400,0.0,3.2,652215.8,7040800,0.0,7650754.0,536559.5,0.0655,4027777840.3,71211047779.7
A,3,24,279.86,10004928,0.0,3.2,59488.6,642866,0.0,7644404.5,549709.9,0.0671,3968601270.4,70930148641.7
A,3,25,276.99,10108640,0.0,3.2,79475.4,857816,0.0,7659701.0,550000.7,0.067,3971094092.2,70971433273.1
A,3,26,276.15,10139136,0.0,3.2,49887.7,538580,0.0,7653939.1,549972.5,0.067,3970931193.7,70978970935.7
A,3,27,277.5,10090144,0.0,3.2,39643.0,427943,0.0,7650453.5,548937.3,0.0669,3971761671.2,70998159348.8
A,3,28,278.45,10055520,0.0,3.2,42127.4,454746,0.0,7662046.0,552206.2,0.0672,3972150928.5,71001363733.7
A,3,29,276.24,10135904,0.0,3.2,42733.5,461283,0.0,7650491.1,552399.0,0.0673,3973016994.1,71021774312.5
B,3,0,213.87,13091712,0.0,3.18,39587.9,427234,0.0,7312625.2,547160.4,0.0696,3873511839.3,168767581806.4
B,3,1,209.08,13392128,0.0,3.17,39510.3,426302,0.0,7275141.5,546471.4,0.0699,3874512821.7,168795356984.6
B,3,2,208.65,13419776,0.0,3.18,41127.7,443806,0.0,7266056.1,547323.1,0.07,3874921761.0,168810576442.6
B,3,3,211.88,13214848,0.0,3.18,46102.9,497494,0.0,7292035.3,547763.8,0.0699,3875673365.6,168827417640.7
B,3,4,211.09,13264160,0.0,3.19,37789.1,407788,0.0,7286028.3,549867.9,0.0702,3873739398.5,168810177098.4
B,3,5,210.55,13298336,0.0,3.18,37474.6,404405,0.0,7271371.5,549375.9,0.0702,3873857390.5,168837819858.0
B,3,6,210.9,13276224,0.0,3.18,38545.1,415887,0.0,7284404.2,549770.8,0.0702,3874743961.2,168832891188.6
B,3,7,210.13,13325216,0.0,3.18,40002.2,431666,0.0,7273879.1,547634.8,0.07,3874732247.6,168836146634.0
B,3,8,209.81,13345248,0.0,3.18,43583.7,470230,0.0,7270572.3,541812.2,0.0694,3875915739.8,168923765129.3
B,3,9,213.25,13129984,0.0,3.18,39457.3,425842,0.0,7288619.7,550088.8,0.0702,3873533707.4,168766406421.6
B,3,10,210.69,13289216,0.0,3.18,38360.9,413998,0.0,7274115.6,550762.9,0.0704,3873864405.1,168808736259.8
B,3,11,212.14,13198816,0.0,3.18,42627.9,460039,0.0,7296747.6,538539.3,0.0687,3874343940.7,168852581589.8
B,3,12,211.65,13229472,0.0,3.18,43482.8,469138,0.0,7297448.0,540375.3,0.0689,3875751988.5,168842043746.4
B,3,13,208.63,13420736,0.0,3.18,40920.1,441628,0.0,7259412.9,547875.4,0.0702,3874751983.5,168812024672.8
B,3,14,210.18,13321728,0.0,3.18,38337.4,413677,0.0,7278731.6,542050.0,0.0693,3874547569.8,168834428001.4
B,3,15,213.02,13144032,0.0,3.18,46666.4,503488,0.0,7304838.0,541503.6,0.069,3876259742.3,168920020873.9
B,3,16,213.71,13101632,0.0,3.18,46593.9,502713,0.0,7297330.5,541669.4,0.0691,3876438346.2,168874757647.6
B,3,17,210.76,13285120,0.0,3.19,45413.0,489928,0.0,7274445.0,541001.6,0.0692,3876418139.1,168945050892.0
B,3,18,212.91,13150720,0.0,3.18,40424.9,436252,0.0,7290670.7,543845.4,0.0694,3875313333.4,168922514234.4
B,3,19,213.06,13141856,0.0,3.18,39999.0,431667,0.0,7291349.7,550100.2,0.0702,3874904534.4,168869212115.2
B,3,20,209.73,13350496,0.0,3.18,38904.5,419764,0.0,7274335.8,547753.7,0.07,3875230265.6,168857682957.4
B,3,21,209.58,13359904,0.0,3.18,42324.1,456662,0.0,7274471.6,550459.1,0.0703,3875075277.9,168831863922.7
B,3,22,211.7,13226048,0.0,3.18,51777.9,558744,0.0,7279699.8,549719.9,0.0702,3875323345.4,168855617188.8
B,3,23,212.13,13199040,0.0,3.18,47530.7,512929,0.0,7295895.4,550604.5,0.0702,3874630566.6,168904072800.3
B,3,24,211.29,13251648,0.0,3.19,39546.6,426755,0.0,7287174.3,550013.2,0.0702,3874486311.1,168936971565.8
B,3,25,208.97,13398560,0.0,3.18,41949.1,452616,0.0,7278256.3,551112.5,0.0704,3874796104.1,168955931114.5
B,3,26,212.45,13179360,0.0,3.18,43748.0,472030,0.0,7296088.0,549511.9,0.07,3876256333.8,168997228255.8
B,3,27,212.11,13200544,0.0,3.19,39241.1,423455,0.0,7300747.4,549161.8,0.07,3874119068.7,168909590791.4
B,3,28,211.34,13248768,0.0,3.18,39336.6,424475,0.0,7276402.7,549338.7,0.0702,3875591212.0,168997797357.0
B,3,29,213.96,13086304,0.0,3.18,40184.4,433632,0.0,7294769.7,550309.4,0.0701,3874619122.1,168924021088.6
A,4,0,293.48,9540448,0.0,4.18,46149.7,498307,0.0,7625059.8,547792.0,0.067,4058959873.5,97952132057.9
A,4,1,293.78,9530816,0.0,4.18,46432.3,501250,0.0,7634091.2,546606.0,0.0668,4059920969.3,97983411049.3
A,4,2,293.79,9530592,0.0,4.18,41830.7,451628,0.0,7632642.9,548577.6,0.0671,4059264918.4,97969364585.2
A,4,3,293.84,9528832,0.0,4.18,43317.0,467677,0.0,7633195.0,548192.7,0.067,4059012228.4,97968698351.5
A,4,4,295.1,9488288,0.0,4.18,45059.3,486911,0.0,7618692.6,550441.2,0.0674,4055445706.6,97852421355.8
A,4,5,294.08,9521056,0.0,4.18,50575.4,546107,0.0,7631319.4,548230.4,0.067,4056336638.7,97884114556.6
A,4,6,294.06,9521888,0.0,4.18,43217.7,466639,0.0,7634350.7,549239.5,0.0671,4058455090.6,97946406503.1
A,4,7,293.68,9534112,0.0,4.18,43600.4,470735,0.0,7633903.1,549295.9,0.0671,4058819026.0,97951229776.4
A,4,8,293.58,9537408,0.0,4.18,44182.2,477020,0.0,7629431.4,552693.6,0.0675,4060049161.3,97983783412.9
A,4,9,294.04,9522464,0.0,4.18,44618.9,481685,0.0,7635333.0,550048.5,0.0672,4060510366.9,97995797780.5
A,4,10,293.74,9532160,0.0,4.18,45397.1,490080,0.0,7635551.2,550716.8,0.0673,4059574685.2,97972430503.6
A,4,11,293.73,9532480,0.0,4.18,47119.9,508665,0.0,7628762.2,550955.7,0.0674,4060151112.1,97983324631.1
A,4,12,293.29,9546656,0.0,4.18,42927.6,463478,0.0,7633237.7,549995.7,0.0672,4058352983.6,97943427243.7
A,4,13,293.74,9532096,0.0,4.18,42271.4,456392,0.0,7630701.9,553936.0,0.0677,4058764528.4,97956804249.9
A,4,14,294.53,9506464,0.0,4.18,44643.1,481934,0.0,7637557.7,550382.8,0.0672,4059571978.6,97970294667.1
A,4,15,294.01,9523264,0.0,4.18,46977.6,507228,0.0,7633793.9,551986.2,0.0674,4058432801.5,97946715749.3
A,4,16,294.11,9520256,0.0,4.18,43166.6,466093,0.0,7630822.8,551920.5,0.0674,4058046699.5,97929585931.9
A,4,17,293.59,9536992,0.0,4.18,43122.4,465603,0.0,7628599.6,553576.5,0.0677,4059250073.8,97958263301.8
A,4,18,293.63,9535648,0.0,4.18,45187.1,487870,0.0,7627327.9,550995.6,0.0674,4059843998.5,97968771920.6
A,4,19,294.31,9513792,0.0,4.18,46815.2,505382,0.0,7635553.2,552464.6,0.0675,4059522937.0,97960666463.6
A,4,20,293.57,9537632,0.0,4.18,42626.4,460263,0.0,7628046.6,552450.8,0.0675,4058838440.1,97968821585.7
A,4,21,293.67,9534528,0.0,4.18,44142.4,476621,0.0,7626964.1,554112.1,0.0677,4058117656.4,97935142137.5
A,4,22,293.47,9540736,0.0,4.18,42042.6,453920,0.0,7630587.7,551728.8,0.0674,4058481328.6,97937554929.6
A,4,23,294.14,9519040,0.0,4.18,46218.8,499019,0.0,7637640.2,549911.2,0.0672,4059722582.6,97982102876.2
A,4,24,294.09,9520768,0.0,4.18,51378.7,554647,0.0,7637603.9,550693.4,0.0673,4061139930.5,98000825066.2
A,4,25,293.81,9529856,0.0,4.18,43144.5,465835,0.0,7625611.8,552922.0,0.0676,4058276672.7,97936211925.9
A,4,26,294.01,9523456,0.0,4.18,43368.0,468175,0.0,7629905.1,553076.2,0.0676,4060019031.1,97981020609.2
A,4,27,293.55,9538176,0.0,4.18,41627.3,449441,0.0,7631023.0,552397.9,0.0675,4058355383.4,97938848651.9
A,4,28,293.86,9528320,0.0,4.18,45132.2,487289,0.0,7631496.4,551546.9,0.0674,4058560454.9,97952312550.5
A,4,29,294.23,9516384,0.0,4.18,44291.1,478142,0.0,7638413.1,548327.6,0.067,4058941216.3,97967255480.3
B,4,0,239.12,11709760,0.0,4.08,38981.7,420693,0.0,7424881.2,540306.3,0.0678,4009517278.8,220265337275.2
B,4,1,236.08,11860416,0.0,4.09,37354.2,403206,0.0,7390151.3,542821.4,0.0684,4007463071.0,220189002992.4
B,4,2,237.07,11810688,0.0,4.08,39875.7,430398,0.0,7396908.4,549934.9,0.0692,4008248358.1,220294009434.7
B,4,3,234.76,11927136,0.0,4.09,38167.0,411908,0.0,7394574.6,545585.7,0.0687,4008564217.7,220207201515.2
B,4,4,239.15,11707872,0.0,4.08,38742.0,418191,0.0,7407158.4,549567.3,0.0691,4008774454.5,220315728258.5
B,4,5,242.0,11570016,0.0,4.08,40115.0,433889,0.0,7397265.8,549199.4,0.0691,4000361269.8,219898904160.8
B,4,6,237.14,11807200,0.0,4.08,41091.6,443569,0.0,7402114.9,552255.7,0.0694,4007836689.6,220294009524.8
B,4,7,236.01,11864000,0.0,4.08,42750.6,461429,0.0,7391604.5,551307.1,0.0694,4008863947.8,220308362880.3
B,4,8,236.0,11864192,0.0,4.08,38132.1,411536,0.0,7398261.9,548773.3,0.0691,4009116840.1,220263726321.6
B,4,9,235.28,11900800,0.0,4.08,40073.5,432591,0.0,7386567.0,548184.7,0.0691,4007018662.9,220254903844.9
B,4,10,239.16,11707296,0.0,4.09,38202.0,412367,0.0,7407207.0,549571.1,0.0691,4008807076.8,220443264353.1
B,4,11,237.9,11769760,0.0,4.08,39105.9,422058,0.0,7403214.1,552240.6,0.0694,4008793087.2,220312594133.8
B,4,12,235.36,11896448,0.0,4.08,42037.7,453683,0.0,7394417.9,551356.5,0.0694,4009993908.6,220311233882.1
B,4,13,234.78,11926080,0.0,4.09,39195.0,423049,0.0,7388061.2,548424.6,0.0691,4008016293.8,220225338933.7
B,4,14,236.27,11850464,0.0,4.08,39163.4,422663,0.0,7396654.6,551118.3,0.0693,4009449389.9,220432805064.4
B,4,15,235.94,11867520,0.0,4.08,36867.6,397961,0.0,7392333.3,550619.4,0.0693,4008258842.1,220289209822.8
B,4,16,237.15,11806784,0.0,4.08,40932.2,441840,0.0,7407188.4,551368.0,0.0693,4007763170.1,220265953552.0
B,4,17,236.04,11862304,0.0,4.08,40106.5,432892,0.0,7393066.1,551683.8,0.0694,4008437220.5,220255734124.5
B,4,18,236.49,11839744,0.0,4.08,38126.5,411524,0.0,7399280.0,546960.3,0.0688,4008713680.9,220295329915.0
B,4,19,235.44,11892448,0.0,4.08,38612.2,416788,0.0,7385167.1,550983.5,0.0694,4008352873.0,220337701800.9
B,4,20,235.6,11884160,0.0,4.09,36605.3,395134,0.0,7389869.1,551339.1,0.0694,4009096982.0,220359964819.8
B,4,21,234.17,11956768,0.0,4.08,139532.0,1506076,0.0,7382709.9,551535.3,0.0695,4023394398.1,220427384408.1
B,4,22,236.47,11840640,0.0,4.08,75901.5,819277,0.0,7385903.1,551777.3,0.0695,4012693561.0,220431809511.5
B,4,23,236.27,11850848,0.0,4.08,63869.8,689394,0.0,7398484.4,549523.0,0.0691,4010546407.3,220297511880.3
B,4,24,236.81,11823680,0.0,4.09,41646.6,449554,0.0,7395226.7,549359.5,0.0691,4008134866.1,220398177300.9
B,4,25,238.85,11722752,0.0,4.08,42012.6,453505,0.0,7412013.1,549645.9,0.069,4007726076.3,220443748773.8
B,4,26,238.07,11760992,0.0,4.08,44832.2,483854,0.0,7413291.6,550095.4,0.0691,4009478152.9,220499249905.1
B,4,27,236.88,11820448,0.0,4.09,38256.6,412935,0.0,7394850.2,548748.8,0.0691,4007664017.7,220355699330.9
B,4,28,236.8,11824192,0.0,4.1,79597.6,859090,0.0,7396946.0,547786.3,0.0689,4015217967.7,220391478289.8
B,4,29,237.85,11772096,0.0,4.08,42838.2,462338,0.0,7404507.8,550620.1,0.0692,4008732332.9,220284212741.2
