condition,n_aggressor_cores,sf_bypass,wss_bytes,trial,victim_cycles_per_load,victim_total_loads,sf_evictions_per_sec,sf_evict_total,sf_victim_per_sec,llc_victims_m_per_sec,l3_misses_per_sec,l2_hit_rate,mc_queue_occ,aggregate_bw_gbps,pmu_sec
Q,0,0,393216,0,18.412,1520720416,61666.9,654354,0.0,41000.8,3344.0,1.0,19875289.4,0.0,10.61
Q,0,0,393216,1,18.404,1521441472,110951.5,1177298,0.0,80934.5,3153.8,1.0,27485282.9,0.0,10.61
Q,0,0,393216,2,18.404,1521440000,69303.8,735369,0.0,46340.8,3135.9,1.0,20314324.2,0.0,10.61
Q,0,0,393216,3,18.412,1520724160,90114.5,956207,0.0,63921.7,3274.1,1.0,21580131.4,0.0,10.61
Q,0,0,393216,4,18.433,1519055456,118374.8,1256058,0.0,83818.2,3360.7,1.0,28785053.2,0.0,10.61
Q,0,0,393216,5,18.413,1520700064,69276.3,735081,0.0,46615.7,3153.5,1.0,21503613.8,0.0,10.61
Q,0,0,393216,6,18.415,1520503456,67851.6,719972,0.0,39927.7,3545.0,1.0,19357252.9,0.0,10.61
Q,0,0,393216,7,18.419,1520163456,55294.6,586723,0.0,34992.4,2846.0,1.0,20146812.4,0.0,10.61
Q,0,0,393216,8,18.408,1521089600,63040.1,668911,0.0,35297.2,2756.6,1.0,18659564.9,0.0,10.61
Q,0,0,393216,9,18.405,1521285792,121970.7,1294200,0.0,93835.8,2995.5,1.0,28784477.8,0.0,10.61
Q,0,0,393216,10,18.409,1521014560,55664.8,590694,0.0,29377.4,2662.6,1.0,18847879.4,0.0,10.61
Q,0,0,393216,11,18.41,1520930272,109510.7,1162007,0.0,72176.0,2838.4,1.0,26742763.7,0.0,10.61
Q,0,0,393216,12,18.413,1520689728,72705.1,771459,0.0,54720.8,2737.3,1.0,24037699.0,0.0,10.61
Q,0,0,393216,13,18.406,1521272960,64094.8,680136,0.0,38997.0,2990.4,1.0,19801390.0,0.0,10.61
Q,0,0,393216,14,18.416,1520441664,123031.3,1305462,0.0,84394.8,2970.1,1.0,30483158.6,0.0,10.61
Q,0,0,393216,15,18.407,1521203136,56182.0,596135,0.0,29163.3,2940.7,1.0,20188210.3,0.0,10.61
Q,0,0,393216,16,18.404,1521394336,117826.4,1250233,0.0,80003.9,2887.2,1.0,27103697.1,0.0,10.61
Q,0,0,393216,17,18.41,1520912448,54496.5,578252,0.0,28872.1,2673.5,1.0,21665110.1,0.0,10.61
Q,0,0,393216,18,18.405,1521338976,119021.1,1262909,0.0,75343.1,2910.1,1.0,25791375.8,0.0,10.61
Q,0,0,393216,19,18.4,1521756480,119989.2,1273191,0.0,65549.2,2851.8,1.0,29255757.6,0.0,10.61
Q,0,0,393216,20,18.413,1520637024,91191.4,967620,0.0,68771.0,2911.4,1.0,22362352.8,0.0,10.61
Q,0,0,393216,21,18.413,1520613376,133358.9,1415041,0.0,76719.6,2967.6,1.0,27890338.6,0.0,10.61
Q,0,0,393216,22,18.406,1521249376,53296.0,565522,0.0,27930.8,2702.8,1.0,21636164.4,0.0,10.61
Q,0,0,393216,23,18.408,1521081536,70593.5,749181,0.0,39795.2,2837.5,1.0,20287769.8,0.0,10.61
Q,0,0,393216,24,18.4,1521698848,118943.8,1262095,0.0,96219.0,2610.1,1.0,27636879.2,0.0,10.61
Q,0,0,393216,25,18.402,1521567424,60576.2,642769,0.0,34666.2,2696.4,1.0,21279933.1,0.0,10.61
Q,0,0,393216,26,18.413,1520679232,119950.6,1272772,0.0,84117.8,3017.1,1.0,26366804.7,0.0,10.61
Q,0,0,393216,27,18.416,1520404256,113791.1,1207434,0.0,62025.4,2979.1,1.0,26631465.0,0.0,10.61
Q,0,0,393216,28,18.413,1520623456,58516.8,620936,0.0,34577.8,3003.8,1.0,20240055.2,0.0,10.61
Q,0,0,393216,29,18.41,1520918208,122223.8,1296899,0.0,75127.0,2863.6,1.0,28020257.2,0.0,10.61
R16,16,0,393216,0,18.218,1536918688,45756.3,485644,0.0,36887.9,1408.6,1.0,8834327.9,0.0,10.61
R16,16,0,393216,1,18.217,1537036224,41227.9,437472,0.0,40008.6,1572.0,1.0,9157868.7,0.0,10.61
R16,16,0,393216,2,18.211,1537534816,107264.7,1138187,0.0,90400.5,1511.1,1.0,14834249.8,0.0,10.61
R16,16,0,393216,3,18.219,1536863168,108136.5,1147433,0.0,92303.0,1077.3,1.0,15116834.3,0.0,10.61
R16,16,0,393216,4,18.214,1537270080,35977.9,381762,0.0,35191.7,1498.3,1.0,8569205.5,0.0,10.61
R16,16,0,393216,5,18.208,1537747520,95101.3,1009111,0.0,93713.4,1610.1,1.0,14579476.2,0.0,10.61
R16,16,0,393216,6,18.209,1537714688,32981.8,349971,0.0,34190.1,1199.1,1.0,8366256.9,0.0,10.61
R16,16,0,393216,7,18.213,1537323584,61963.0,657494,0.0,64576.8,1490.0,1.0,11459684.5,0.0,10.61
R16,16,0,393216,8,18.209,1537716608,95249.0,1010685,0.0,87414.5,1485.0,1.0,14157618.3,0.0,10.61
R16,16,0,393216,9,18.214,1537297184,84891.2,900777,0.0,81555.5,1315.5,1.0,13844305.3,0.0,10.61
R16,16,0,393216,10,18.206,1537907360,38107.5,404359,0.0,38110.7,1412.9,1.0,8709737.6,0.0,10.61
R16,16,0,393216,11,18.213,1537359680,87682.5,930391,0.0,89170.9,1323.3,1.0,14386050.5,0.0,10.61
R16,16,0,393216,12,18.216,1537134272,55156.6,585259,0.0,58556.4,1578.4,1.0,10644215.3,0.0,10.61
R16,16,0,393216,13,18.208,1537818592,116464.7,1235801,0.0,153103.9,1155.4,1.0,18871114.2,0.0,10.61
R16,16,0,393216,14,18.21,1537639424,123870.5,1314426,0.0,127135.7,1455.1,1.0,19049308.4,0.0,10.61
R16,16,0,393216,15,18.212,1537477984,151455.6,1607085,0.0,164517.5,1006.6,1.0,22418558.2,0.0,10.61
R16,16,0,393216,16,18.207,1537838368,110831.5,1176021,0.0,127699.2,1085.9,1.0,17622762.6,0.0,10.61
R16,16,0,393216,17,18.21,1537645504,63508.2,673877,0.0,55915.4,1284.2,1.0,10778812.7,0.0,10.61
R16,16,0,393216,18,18.196,1538781856,51065.5,541850,0.0,61686.6,985.9,1.0,9908177.6,0.0,10.61
R16,16,0,393216,19,18.189,1539406176,11705.3,124206,0.0,12731.9,411.2,1.0,3411438.5,0.0,10.61
R16,16,0,393216,20,18.177,1540378496,7865.6,83461,0.0,9384.9,437.9,1.0,2853299.8,0.0,10.61
R16,16,0,393216,21,18.189,1539377280,6769.1,71826,0.0,8544.6,439.3,1.0,2629288.9,0.0,10.61
R16,16,0,393216,22,18.173,1540716896,6851.4,72699,0.0,9666.5,343.8,1.0,2682754.2,0.0,10.61
R16,16,0,393216,23,18.183,1539910432,2371.2,25160,0.0,2787.4,368.9,1.0,2216620.3,0.0,10.61
R16,16,0,393216,24,18.186,1539656512,7666.6,81355,0.0,10832.0,450.8,1.0,3167913.0,0.0,10.61
R16,16,0,393216,25,18.177,1540404352,2075.1,22018,0.0,2567.6,415.5,1.0,2145409.2,0.0,10.61
R16,16,0,393216,26,18.189,1539406784,5003.4,53089,0.0,8395.7,388.1,1.0,2616389.8,0.0,10.61
R16,16,0,393216,27,18.18,1540166016,2510.2,26635,0.0,2959.9,376.6,1.0,2133648.6,0.0,10.61
R16,16,0,393216,28,18.175,1540598560,1808.1,19185,0.0,2529.7,441.6,1.0,2058627.7,0.0,10.61
R16,16,0,393216,29,18.182,1540002656,1629.4,17289,0.0,2535.1,458.8,1.0,2099201.6,0.0,10.61
R24,24,0,393216,0,18.167,1541245664,31934.3,338853,0.0,40994.8,1025.5,1.0,7262763.4,0.0,10.61
R24,24,0,393216,1,18.175,1540554688,23977.9,254428,0.0,20863.4,1294.5,1.0,6828451.4,0.0,10.61
R24,24,0,393216,2,18.156,1542200256,23689.3,251365,0.0,39193.0,1542.2,1.0,7799869.7,0.0,10.61
R24,24,0,393216,3,18.158,1541987328,10507.3,111493,0.0,17594.0,1686.3,1.0,6446424.8,0.0,10.61
R24,24,0,393216,4,18.16,1541895808,54712.2,580538,0.0,76285.2,1372.9,1.0,11313060.7,0.0,10.61
R24,24,0,393216,5,18.17,1540990400,17426.4,184911,0.0,20177.1,1132.4,1.0,5598317.1,0.0,10.61
R24,24,0,393216,6,18.16,1541808416,46618.0,494657,0.0,44730.9,1115.0,1.0,8936516.5,0.0,10.61
R24,24,0,393216,7,18.167,1541281888,23569.8,250129,0.0,25867.6,1163.4,1.0,6569861.9,0.0,10.61
R24,24,0,393216,8,18.17,1540988768,103346.8,1096605,0.0,128328.9,1137.8,1.0,17073144.0,0.0,10.61
R24,24,0,393216,9,18.162,1541670496,48342.3,512962,0.0,56809.5,625.4,1.0,8649930.7,0.0,10.61
R24,24,0,393216,10,18.157,1542054976,31746.8,336867,0.0,36990.4,476.0,1.0,5671979.2,0.0,10.61
R24,24,0,393216,11,18.155,1542255968,9932.2,105389,0.0,9260.4,382.6,1.0,2875800.7,0.0,10.61
R24,24,0,393216,12,18.156,1542187392,9828.8,104292,0.0,10999.8,399.5,1.0,3111218.9,0.0,10.61
R24,24,0,393216,13,18.155,1542311552,6313.6,66993,0.0,8204.0,413.3,1.0,2505517.3,0.0,10.61
R24,24,0,393216,14,18.169,1541109344,5288.2,56112,0.0,7646.0,438.0,1.0,2494747.9,0.0,10.61
R24,24,0,393216,15,18.156,1542195744,7124.6,75597,0.0,11742.2,372.7,1.0,2765408.5,0.0,10.61
R24,24,0,393216,16,18.148,1542838016,1929.1,20470,0.0,2446.5,291.2,1.0,2091756.0,0.0,10.61
R24,24,0,393216,17,18.16,1541876960,6185.0,65628,0.0,8726.6,373.1,1.0,2778908.5,0.0,10.61
R24,24,0,393216,18,18.156,1542156000,13267.6,140801,0.0,16762.8,382.4,1.0,3651000.0,0.0,10.61
R24,24,0,393216,19,18.155,1542303008,7006.6,74347,0.0,9624.2,337.9,1.0,2811313.6,0.0,10.61
R24,24,0,393216,20,18.155,1542327552,6754.0,71666,0.0,9364.8,346.9,1.0,2609386.0,0.0,10.61
R24,24,0,393216,21,18.157,1542116000,2193.3,23273,0.0,2722.4,270.1,1.0,2097859.4,0.0,10.61
R24,24,0,393216,22,18.153,1542446880,1574.8,16710,0.0,2283.1,311.9,1.0,1997038.4,0.0,10.61
R24,24,0,393216,23,18.148,1542862912,1343.3,14253,0.0,2129.5,201.3,1.0,1907699.1,0.0,10.61
R24,24,0,393216,24,18.159,1541894016,7920.3,84054,0.0,10129.2,427.6,1.0,2929980.9,0.0,10.61
R24,24,0,393216,25,18.154,1542381184,3435.2,36451,0.0,3385.1,246.5,1.0,2289072.7,0.0,10.61
R24,24,0,393216,26,18.154,1542370816,3531.4,37476,0.0,4230.8,273.3,1.0,2377193.6,0.0,10.61
R24,24,0,393216,27,18.151,1542572160,2061.1,21870,0.0,3149.5,207.5,1.0,2023296.8,0.0,10.61
R24,24,0,393216,28,18.16,1541806624,2869.0,30442,0.0,5257.2,256.1,1.0,2136024.9,0.0,10.61
R24,24,0,393216,29,18.161,1541753696,7222.4,76635,0.0,12037.4,287.0,1.0,2971958.9,0.0,10.61
R32,31,0,393216,0,18.15,1542693856,72989.6,774524,0.0,29928.8,3098.1,1.0,18083826.9,0.0,10.61
R32,31,0,393216,1,18.157,1542124928,71888.7,762822,0.0,14801.3,3469.8,1.0,20588187.6,0.0,10.61
R32,31,0,393216,2,18.154,1542371840,135987.6,1442993,0.0,100608.8,3087.2,1.0,22258949.5,0.0,10.61
R32,31,0,393216,3,18.145,1543129952,26960.8,286084,0.0,17056.4,2776.6,1.0,8499060.9,0.0,10.61
R32,31,0,393216,4,18.143,1543291584,18426.3,195524,0.0,9881.8,2079.0,1.0,7571432.1,0.0,10.61
R32,31,0,393216,5,18.14,1543612160,8747.7,92821,0.0,3149.0,2868.4,1.0,6971058.3,0.0,10.61
R32,31,0,393216,6,18.143,1543278368,8389.6,89021,0.0,3320.9,2747.7,1.0,7084764.7,0.0,10.61
R32,31,0,393216,7,18.134,1544046976,15009.4,159262,0.0,11948.3,2301.7,1.0,8128097.4,0.0,10.61
R32,31,0,393216,8,18.145,1543158752,19068.4,202335,0.0,13845.7,2292.6,1.0,8481287.4,0.0,10.61
R32,31,0,393216,9,18.139,1543663104,10073.1,106883,0.0,3559.3,2083.6,1.0,7764940.6,0.0,10.61
R32,31,0,393216,10,18.14,1543570816,12213.3,129595,0.0,6073.4,1881.2,1.0,8278297.0,0.0,10.61
R32,31,0,393216,11,18.135,1543943968,9323.0,98924,0.0,3139.3,1994.1,1.0,7867523.1,0.0,10.61
R32,31,0,393216,12,18.147,1542986496,10518.6,111610,0.0,5950.4,2312.2,1.0,8184449.4,0.0,10.61
R32,31,0,393216,13,18.138,1543713888,11960.4,126909,0.0,8488.5,2075.9,1.0,8234078.7,0.0,10.61
R32,31,0,393216,14,18.134,1544025376,9131.9,96898,0.0,2790.5,2239.1,1.0,8244542.4,0.0,10.61
R32,31,0,393216,15,18.131,1544312128,8894.4,94378,0.0,2896.1,2199.2,1.0,8144768.3,0.0,10.61
R32,31,0,393216,16,18.135,1543972704,8523.9,90446,0.0,2521.2,1998.0,1.0,7910164.6,0.0,10.61
R32,31,0,393216,17,18.143,1543303328,16515.8,175249,0.0,13570.8,2052.4,1.0,8952835.4,0.0,10.61
R32,31,0,393216,18,18.143,1543249440,10784.0,114429,0.0,3414.6,2141.8,1.0,8409465.8,0.0,10.61
R32,31,0,393216,19,18.137,1543780224,19222.8,203974,0.0,16272.1,2303.3,1.0,9464241.0,0.0,10.61
R32,31,0,393216,20,18.148,1542896384,15354.8,162932,0.0,12476.1,1838.2,1.0,9017632.3,0.0,10.61
R32,31,0,393216,21,18.141,1543460256,10379.1,110133,0.0,3914.0,2030.8,1.0,8253881.2,0.0,10.61
R32,31,0,393216,22,18.141,1543500992,15007.4,159243,0.0,10206.4,2383.3,1.0,8793831.0,0.0,10.61
R32,31,0,393216,23,18.137,1543828544,10103.4,107205,0.0,2584.2,2614.0,1.0,8482175.3,0.0,10.61
R32,31,0,393216,24,18.139,1543660032,10265.3,108925,0.0,3867.3,2296.1,1.0,8353990.4,0.0,10.61
R32,31,0,393216,25,18.139,1543668256,9176.4,97371,0.0,2877.1,2143.9,1.0,8357165.6,0.0,10.61
R32,31,0,393216,26,18.139,1543638208,10204.9,108283,0.0,5198.3,1488.6,1.0,8417180.0,0.0,10.61
R32,31,0,393216,27,18.136,1543891008,15176.3,161035,0.0,11909.3,2746.1,1.0,9250421.9,0.0,10.61
R32,31,0,393216,28,18.143,1543294464,13274.5,140856,0.0,6399.4,2478.1,1.0,8689140.5,0.0,10.61
R32,31,0,393216,29,18.145,1543086432,10162.1,107830,0.0,3023.5,2477.2,1.0,8542056.0,0.0,10.61
Q,0,0,33554432,0,81.594,343159584,142264.4,1527425,0.0,114578.3,29631.3,0.9359,29733809.6,0.0,10.74
Q,0,0,33554432,1,81.791,342360160,130881.6,1404558,0.0,94380.8,56758.9,0.8831,32728897.1,0.0,10.73
Q,0,0,33554432,2,81.855,342118016,233306.6,2503928,0.0,192458.3,67097.9,0.8647,38904839.1,0.0,10.73
Q,0,0,33554432,3,81.448,343773376,26093.9,280041,0.0,17853.5,8367.1,0.9813,4664212.9,0.0,10.73
Q,0,0,33554432,4,81.439,343812928,16427.9,176295,0.0,12733.7,6817.6,0.9846,3417798.2,0.0,10.73
Q,0,0,33554432,5,81.707,342719200,90130.2,967288,0.0,83893.4,49211.6,0.8983,12453264.2,0.0,10.73
Q,0,0,33554432,6,81.44,343806720,24988.8,268164,0.0,17501.9,6358.2,0.9856,4181534.6,0.0,10.73
Q,0,0,33554432,7,81.442,343801152,16034.9,172079,0.0,12825.9,7556.4,0.983,3410702.6,0.0,10.73
Q,0,0,33554432,8,81.423,343881920,22903.3,245779,0.0,18640.8,6872.5,0.9845,4379412.0,0.0,10.73
Q,0,0,33554432,9,81.427,343863840,16380.0,175777,0.0,12535.3,6638.9,0.985,3210729.9,0.0,10.73
Q,0,0,33554432,10,81.43,343849440,18361.6,197043,0.0,14887.4,6537.2,0.9853,3440730.4,0.0,10.73
Q,0,0,33554432,11,81.421,343891104,22862.8,245366,0.0,18309.6,8359.4,0.9812,3984588.1,0.0,10.73
Q,0,0,33554432,12,81.424,343876032,15815.6,169718,0.0,12380.8,6582.2,0.9851,3195053.1,0.0,10.73
Q,0,0,33554432,13,81.429,343852448,16570.2,177817,0.0,13129.8,7133.6,0.984,3209047.7,0.0,10.73
Q,0,0,33554432,14,81.439,343812576,14253.6,152961,0.0,10776.4,6571.9,0.9853,2821317.1,0.0,10.73
Q,0,0,33554432,15,81.444,343791008,16043.6,172166,0.0,14312.3,6896.4,0.9845,3105227.8,0.0,10.73
Q,0,0,33554432,16,81.43,343851200,20520.6,220214,0.0,17206.0,7060.3,0.9841,3609270.7,0.0,10.73
Q,0,0,33554432,17,81.437,343822848,16018.2,171896,0.0,12737.2,7621.3,0.9829,3180081.9,0.0,10.73
Q,0,0,33554432,18,81.448,343776224,17140.0,183940,0.0,13113.6,7688.4,0.9828,3217699.6,0.0,10.73
Q,0,0,33554432,19,81.425,343872128,15925.0,170890,0.0,11519.0,6924.6,0.9845,2974721.3,0.0,10.73
Q,0,0,33554432,20,81.417,343905568,17083.2,183321,0.0,14315.9,7034.0,0.9842,3322382.4,0.0,10.73
Q,0,0,33554432,21,81.443,343797088,17561.8,188459,0.0,12756.2,7499.9,0.9832,3319187.7,0.0,10.73
Q,0,0,33554432,22,81.441,343802944,12334.1,132362,0.0,11721.2,6433.4,0.9856,3044046.2,0.0,10.73
Q,0,0,33554432,23,81.43,343850816,53338.9,572386,0.0,44613.8,6387.7,0.9857,6418004.2,0.0,10.73
Q,0,0,33554432,24,81.424,343873824,18494.9,198469,0.0,14941.5,6300.1,0.9858,3412320.6,0.0,10.73
Q,0,0,33554432,25,81.451,343764736,23643.7,253733,0.0,21364.5,7290.5,0.9836,3895798.6,0.0,10.73
Q,0,0,33554432,26,81.438,343816672,15828.9,169863,0.0,11867.0,7100.6,0.984,3063278.6,0.0,10.73
Q,0,0,33554432,27,81.44,343807712,15742.2,168939,0.0,13012.7,6895.0,0.9845,3118719.0,0.0,10.73
Q,0,0,33554432,28,81.427,343864544,13812.1,148219,0.0,11059.8,6665.3,0.985,2981207.7,0.0,10.73
Q,0,0,33554432,29,81.457,343737280,16485.9,176916,0.0,14028.0,7469.7,0.9832,3208089.8,0.0,10.73
R16,16,0,33554432,0,81.637,342978880,42360.5,454676,0.0,46879.8,40833.6,0.9137,11120996.1,0.0,10.73
R16,16,0,33554432,1,81.576,343235296,23478.1,251930,0.0,28174.9,35342.8,0.9238,5629705.2,0.0,10.73
R16,16,0,33554432,2,81.577,343230624,13983.3,150041,0.0,21478.7,35013.9,0.9248,4550223.1,0.0,10.73
R16,16,0,33554432,3,81.57,343262688,16619.1,178324,0.0,24286.0,34910.4,0.9247,4988814.5,0.0,10.73
R16,16,0,33554432,4,81.569,343267552,18178.0,195050,0.0,24494.3,34607.5,0.9255,4876574.7,0.0,10.73
R16,16,0,33554432,5,81.572,343253696,9711.6,104207,0.0,17050.7,34465.9,0.9256,4111537.7,0.0,10.73
R16,16,0,33554432,6,81.576,343236896,16570.2,177795,0.0,24702.1,34757.7,0.9251,4926823.9,0.0,10.73
R16,16,0,33554432,7,81.576,343238496,10358.5,111148,0.0,17576.0,34402.8,0.926,4136618.5,0.0,10.73
R16,16,0,33554432,8,81.579,343226240,11749.6,126074,0.0,21479.3,34366.0,0.926,4432904.2,0.0,10.73
R16,16,0,33554432,9,81.573,343246880,13076.7,140310,0.0,23555.0,34599.0,0.9257,4550436.1,0.0,10.73
R16,16,0,33554432,10,81.57,343259200,8873.8,95215,0.0,16455.7,34431.8,0.9259,4011639.2,0.0,10.73
R16,16,0,33554432,11,81.561,343298144,10267.4,110170,0.0,17283.5,34417.3,0.9258,3975843.1,0.0,10.73
R16,16,0,33554432,12,81.576,343236448,9031.3,96905,0.0,17423.1,33988.3,0.9268,3895385.0,0.0,10.73
R16,16,0,33554432,13,81.745,342538016,93463.8,1002907,0.0,101970.1,59203.5,0.8796,13829214.4,0.0,10.73
R16,16,0,33554432,14,81.598,343143104,13422.7,144032,0.0,18053.5,36127.1,0.9233,4621739.3,0.0,10.73
R16,16,0,33554432,15,81.594,343161792,12656.9,135809,0.0,20080.9,36171.7,0.9231,4567214.1,0.0,10.73
R16,16,0,33554432,16,81.589,343184096,12827.8,137642,0.0,20053.1,36068.3,0.9229,4514434.2,0.0,10.73
R16,16,0,33554432,17,81.59,343179040,14055.9,150818,0.0,22680.3,35468.8,0.9243,4643231.8,0.0,10.73
R16,16,0,33554432,18,81.591,343169920,18817.9,201924,0.0,27045.5,36226.2,0.923,5260807.1,0.0,10.73
R16,16,0,33554432,19,81.6,343134144,12693.7,136205,0.0,18822.4,35985.2,0.9237,4487330.8,0.0,10.73
R16,16,0,33554432,20,81.599,343140576,17067.6,183137,0.0,25155.7,36641.4,0.9225,5347377.8,0.0,10.73
R16,16,0,33554432,21,81.597,343145440,12318.7,132181,0.0,19423.0,36202.7,0.9233,4528773.2,0.0,10.73
R16,16,0,33554432,22,81.604,343119168,14233.2,152725,0.0,22207.1,36616.1,0.9227,4666378.5,0.0,10.73
R16,16,0,33554432,23,81.591,343172320,16879.2,181120,0.0,26071.4,35938.7,0.9237,4989542.9,0.0,10.73
R16,16,0,33554432,24,81.598,343144768,12815.6,137511,0.0,19376.0,36061.2,0.9236,4504781.3,0.0,10.73
R16,16,0,33554432,25,81.598,343145888,11207.4,120257,0.0,18722.5,36200.0,0.9232,4281819.0,0.0,10.73
R16,16,0,33554432,26,81.586,343193312,9694.1,104017,0.0,17812.2,35429.2,0.9246,4004894.3,0.0,10.73
R16,16,0,33554432,27,81.593,343165728,18655.1,200166,0.0,28214.2,35738.4,0.924,5045319.6,0.0,10.73
R16,16,0,33554432,28,81.585,343199744,11953.7,128265,0.0,18952.0,35299.2,0.9246,4379719.8,0.0,10.73
R16,16,0,33554432,29,81.588,343186048,12342.4,132435,0.0,21286.7,35457.2,0.9246,4568396.9,0.0,10.73
R24,24,0,33554432,0,81.612,343084832,66432.1,713095,0.0,46006.3,42903.3,0.9102,14697304.4,0.0,10.73
R24,24,0,33554432,1,81.617,343061152,237984.5,2553911,0.0,183874.3,43944.8,0.9081,34547545.8,0.0,10.73
R24,24,0,33554432,2,81.585,343200288,30329.2,325462,0.0,30387.5,37575.6,0.92,6201649.2,0.0,10.73
R24,24,0,33554432,3,81.588,343187456,14346.6,153945,0.0,22611.4,36799.7,0.9213,4585631.7,0.0,10.73
R24,24,0,33554432,4,81.594,343161792,21621.3,232006,0.0,28851.8,38081.1,0.9187,5621548.7,0.0,10.73
R24,24,0,33554432,5,81.576,343234336,14381.3,154314,0.0,22016.6,37084.1,0.9203,4613409.2,0.0,10.73
R24,24,0,33554432,6,81.595,343157056,21532.7,231052,0.0,30487.6,37619.3,0.9199,5522348.0,0.0,10.73
R24,24,0,33554432,7,81.595,343156256,31453.9,337516,0.0,33233.2,37819.1,0.9194,6198216.5,0.0,10.73
R24,24,0,33554432,8,81.583,343207872,14215.2,152884,0.0,21185.7,37029.0,0.9208,4548172.3,0.0,10.75
R24,24,0,33554432,9,81.59,343175200,13307.7,142795,0.0,21954.2,37625.3,0.9197,4590462.2,0.0,10.73
R24,24,0,33554432,10,81.573,343250496,14203.8,152409,0.0,24515.7,36692.7,0.9209,4566396.6,0.0,10.73
R24,24,0,33554432,11,81.586,343192288,21916.7,235240,0.0,31993.9,37029.4,0.9208,5576359.0,0.0,10.73
R24,24,0,33554432,12,81.591,343174336,14805.6,158871,0.0,22736.2,37283.1,0.9204,4746748.2,0.0,10.73
R24,24,0,33554432,13,81.598,343144896,18160.6,194867,0.0,26562.2,37966.4,0.9193,5363023.9,0.0,10.73
R24,24,0,33554432,14,81.587,343190368,13382.7,143604,0.0,22147.7,37281.5,0.9204,4647705.6,0.0,10.73
R24,24,0,33554432,15,81.588,343187104,15702.8,168497,0.0,25904.3,37392.6,0.9203,4899333.4,0.0,10.73
R24,24,0,33554432,16,81.588,343184672,18689.5,200544,0.0,29071.5,37217.5,0.9206,5191042.5,0.0,10.73
R24,24,0,33554432,17,81.582,343208576,14222.1,152609,0.0,22318.0,37650.9,0.9195,4676939.2,0.0,10.73
R24,24,0,33554432,18,81.585,343196544,11454.4,122910,0.0,21802.0,36683.0,0.9215,4412242.2,0.0,10.73
R24,24,0,33554432,19,81.595,343156800,10366.2,111233,0.0,20470.9,37242.9,0.9207,4223244.8,0.0,10.73
R24,24,0,33554432,20,81.596,343151040,21441.6,230071,0.0,29202.6,37755.0,0.9194,5177370.8,0.0,10.73
R24,24,0,33554432,21,81.593,343165408,16238.7,174247,0.0,22717.6,37563.3,0.92,4751762.1,0.0,10.73
R24,24,0,33554432,22,81.6,343135008,16628.5,178434,0.0,24513.6,37656.0,0.9198,4825077.4,0.0,10.73
R24,24,0,33554432,23,81.594,343160672,11934.3,128059,0.0,21324.2,37451.9,0.9205,4321739.5,0.0,10.73
R24,24,0,33554432,24,81.582,343210496,11115.6,119271,0.0,23798.8,36595.0,0.9218,4341289.6,0.0,10.73
R24,24,0,33554432,25,81.589,343180064,20448.0,219413,0.0,33020.1,37449.8,0.9201,5516341.2,0.0,10.73
R24,24,0,33554432,26,81.593,343164576,14624.9,156931,0.0,23415.5,37529.2,0.9201,4752804.0,0.0,10.73
R24,24,0,33554432,27,81.589,343180736,15146.3,162521,0.0,24558.3,37067.0,0.9209,4811918.0,0.0,10.73
R24,24,0,33554432,28,81.588,343184544,11271.4,120941,0.0,21155.7,36885.1,0.9213,4215061.3,0.0,10.73
R24,24,0,33554432,29,81.589,343179904,11528.0,123696,0.0,23606.9,37363.2,0.9205,4390305.8,0.0,10.73
R32,31,0,33554432,0,81.401,343973888,146617.3,1575616,0.0,126911.9,17990.6,0.9499,21303797.6,0.0,10.75
R32,31,0,33554432,1,81.376,344082048,32648.8,350348,0.0,31512.5,13108.2,0.9702,7913118.6,0.0,10.73
R32,31,0,33554432,2,81.36,344148032,26599.5,285425,0.0,28387.0,12692.3,0.971,7803544.4,0.0,10.73
R32,31,0,33554432,3,81.373,344093152,22147.1,237648,0.0,25109.7,13647.6,0.9689,7710567.6,0.0,10.73
R32,31,0,33554432,4,81.371,344099808,27935.8,299776,0.0,30947.0,13459.7,0.9694,8318432.0,0.0,10.73
R32,31,0,33554432,5,81.373,344094208,23865.4,256088,0.0,24692.5,13744.3,0.9687,8226878.2,0.0,10.73
R32,31,0,33554432,6,81.379,344068192,32676.7,350635,0.0,32754.0,14238.2,0.9676,9205203.2,0.0,10.73
R32,31,0,33554432,7,81.385,344043168,99243.8,1064970,0.0,76351.9,14620.3,0.967,15793467.9,0.0,10.73
R32,31,0,33554432,8,81.378,344071328,27661.5,296840,0.0,27570.6,14546.8,0.967,8710440.9,0.0,10.73
R32,31,0,33554432,9,81.374,344085824,25057.7,268880,0.0,28193.4,13850.7,0.9684,8800289.6,0.0,10.73
R32,31,0,33554432,10,81.371,344098976,18655.8,200185,0.0,20962.6,13893.5,0.9685,8339593.5,0.0,10.73
R32,31,0,33554432,11,81.378,344071392,19102.3,204981,0.0,22122.5,14647.1,0.9666,8730710.4,0.0,10.73
R32,31,0,33554432,12,81.381,344060288,20505.2,220035,0.0,21448.4,15044.8,0.9657,8842070.6,0.0,10.73
R32,31,0,33554432,13,81.397,343990720,31572.3,338788,0.0,34444.6,16441.0,0.9627,10083501.9,0.0,10.73
R32,31,0,33554432,14,81.386,344037792,20290.1,217721,0.0,20541.6,15473.5,0.9649,9158323.2,0.0,10.73
R32,31,0,33554432,15,81.4,343978368,36961.2,396614,0.0,42710.2,16717.4,0.9625,10639518.6,0.0,10.73
R32,31,0,33554432,16,81.388,344030048,27679.9,297016,0.0,32312.9,15138.9,0.9656,9625421.1,0.0,10.73
R32,31,0,33554432,17,81.385,344043456,20763.4,222797,0.0,22954.8,15041.8,0.9659,8738087.6,0.0,10.73
R32,31,0,33554432,18,81.404,343960000,27387.6,293885,0.0,29241.5,16118.9,0.9634,9757122.6,0.0,10.73
R32,31,0,33554432,19,81.397,343990400,21557.2,231330,0.0,22062.3,15587.6,0.9647,9350385.4,0.0,10.73
R32,31,0,33554432,20,81.391,344016352,21859.8,234569,0.0,22973.0,15539.5,0.9646,9059808.8,0.0,10.73
R32,31,0,33554432,21,81.388,344029184,19024.1,204133,0.0,20595.8,15154.1,0.9656,8763762.5,0.0,10.73
R32,31,0,33554432,22,81.609,343115808,82698.4,887429,0.0,105446.9,45131.4,0.9041,16969585.5,0.0,10.73
R32,31,0,33554432,23,81.406,343952896,27724.6,297511,0.0,27626.3,16141.1,0.9636,9571512.7,0.0,10.73
R32,31,0,33554432,24,81.397,343990432,22076.0,236886,0.0,22815.9,15718.0,0.9645,9364276.7,0.0,10.73
R32,31,0,33554432,25,81.399,343982272,22813.3,244810,0.0,22651.2,15847.3,0.9641,9190141.8,0.0,10.73
R32,31,0,33554432,26,81.395,343998112,21989.3,235954,0.0,22738.4,15461.9,0.9649,9182348.9,0.0,10.73
R32,31,0,33554432,27,81.43,343853760,73436.3,788042,0.0,82574.9,21611.9,0.9517,13573262.6,0.0,10.73
R32,31,0,33554432,28,81.557,343319200,239909.8,2575664,0.0,516110.6,40073.8,0.9142,44390925.4,0.0,10.74
R32,31,0,33554432,29,81.434,343835776,175698.9,1885799,0.0,1249045.2,18190.6,0.9593,66823594.1,0.0,10.73
