cell,trial,victim_node,aggressor_node,victim_wss_mb,llc_capacity_mb,aggressor_region_gb_per_core,aggressor_cores,agg_bw_gbps,agg_progress_bw_gbps_untrusted,cycles_per_load,tsc_hz,latency_ns,l2_hit,l3_hit,l3_miss,l3_miss_fraction,longest_lat_cache_miss,sf_evict,cha_cxl_drd,cxl_flits_valid,imc_cas_rd,victim_numa_n0,victim_numa_n2,aggressor_numa_n0,aggressor_numa_n2,victim_numa_sample,aggressor_numa_sample
AC-VC,0,2,2,32,60,1,2,17.12,1.95,334.366,1899976039,175.98,1910211,22772107,4831221,0.175023,27121037,6954,0,3936398310,476,0,1,0,2,727ada800000 bind:2 file=/anon_hugepage\040(deleted) huge anon=16 dirty=16 N2=16 kernelpagesize_kB=2048,799a76400000 bind:2 file=/anon_hugepage\040(deleted) huge anon=512 dirty=512 N2=512 kernelpagesize_kB=2048
AC-VC,1,2,2,32,60,1,2,17.12,1.95,350.766,1899981897,184.62,1936631,20311148,4810525,0.191489,27532460,4962,0,3938531071,444,0,1,0,2,7f95b5800000 bind:2 file=/anon_hugepage\040(deleted) huge anon=16 dirty=16 N2=16 kernelpagesize_kB=2048,799a76400000 bind:2 file=/anon_hugepage\040(deleted) huge anon=512 dirty=512 N2=512 kernelpagesize_kB=2048
AC-VC,2,2,2,32,60,1,2,17.12,1.95,356.894,1899979409,187.84,1920518,19502217,4906005,0.200998,27638634,4709,0,3937003174,444,0,1,0,2,752076400000 bind:2 file=/anon_hugepage\040(deleted) huge anon=16 dirty=16 N2=16 kernelpagesize_kB=2048,799a76400000 bind:2 file=/anon_hugepage\040(deleted) huge anon=512 dirty=512 N2=512 kernelpagesize_kB=2048
AC-VC,3,2,2,32,60,1,2,17.12,1.95,354.1,1899986282,186.37,1915501,19969898,4906535,0.197236,27593125,4655,0,3937280599,440,0,1,0,2,734dee000000 bind:2 file=/anon_hugepage\040(deleted) huge anon=16 dirty=16 N2=16 kernelpagesize_kB=2048,799a76400000 bind:2 file=/anon_hugepage\040(deleted) huge anon=512 dirty=512 N2=512 kernelpagesize_kB=2048
AC-VC,4,2,2,32,60,1,2,17.12,1.95,360.416,1899983296,189.69,1918369,18953907,4816219,0.202616,27694773,4618,0,3936451992,440,0,1,0,2,73a2ab800000 bind:2 file=/anon_hugepage\040(deleted) huge anon=16 dirty=16 N2=16 kernelpagesize_kB=2048,799a76400000 bind:2 file=/anon_hugepage\040(deleted) huge anon=512 dirty=512 N2=512 kernelpagesize_kB=2048
AC-VC,5,2,2,32,60,1,2,17.12,1.95,349.725,1899985595,184.07,1931891,20284895,4804422,0.191493,27545286,4876,0,3938120486,443,0,1,0,2,786e5fa00000 bind:2 file=/anon_hugepage\040(deleted) huge anon=16 dirty=16 N2=16 kernelpagesize_kB=2048,799a76400000 bind:2 file=/anon_hugepage\040(deleted) huge anon=512 dirty=512 N2=512 kernelpagesize_kB=2048
AC-VC,6,2,2,32,60,1,2,17.12,1.96,363.08,1899979343,191.1,1936271,18616276,4909166,0.208675,27776716,4472,0,3937875670,440,0,1,0,2,7dd947600000 bind:2 file=/anon_hugepage\040(deleted) huge anon=16 dirty=16 N2=16 kernelpagesize_kB=2048,799a76400000 bind:2 file=/anon_hugepage\040(deleted) huge anon=512 dirty=512 N2=512 kernelpagesize_kB=2048
AC-VC,7,2,2,32,60,1,2,17.12,1.95,353.357,1899982782,185.98,1972878,20206114,4884768,0.194683,27574275,5945,0,3936719528,449,0,1,0,2,7adca5400000 bind:2 file=/anon_hugepage\040(deleted) huge anon=16 dirty=16 N2=16 kernelpagesize_kB=2048,799a76400000 bind:2 file=/anon_hugepage\040(deleted) huge anon=512 dirty=512 N2=512 kernelpagesize_kB=2048
AC-VC,8,2,2,32,60,1,2,17.12,1.95,372.566,1899983255,196.09,1940397,17763719,4956585,0.218157,27909012,6633,0,3938155137,460,0,1,0,2,7b0127c00000 bind:2 file=/anon_hugepage\040(deleted) huge anon=16 dirty=16 N2=16 kernelpagesize_kB=2048,799a76400000 bind:2 file=/anon_hugepage\040(deleted) huge anon=512 dirty=512 N2=512 kernelpagesize_kB=2048
AC-VC,9,2,2,32,60,1,2,17.12,1.95,371.635,1899954431,195.6,2010020,17686243,4954874,0.218844,27949658,10088,0,3936887145,504,0,1,0,2,7cfcfac00000 bind:2 file=/anon_hugepage\040(deleted) huge anon=16 dirty=16 N2=16 kernelpagesize_kB=2048,799a76400000 bind:2 file=/anon_hugepage\040(deleted) huge anon=512 dirty=512 N2=512 kernelpagesize_kB=2048
AC-VC,10,2,2,32,60,1,2,17.12,1.95,349.587,1899981634,183.99,1984396,20733238,4867822,0.190141,27481314,4933,0,3936770218,447,0,1,0,2,735833e00000 bind:2 file=/anon_hugepage\040(deleted) huge anon=16 dirty=16 N2=16 kernelpagesize_kB=2048,799a76400000 bind:2 file=/anon_hugepage\040(deleted) huge anon=512 dirty=512 N2=512 kernelpagesize_kB=2048
AC-VC,11,2,2,32,60,1,2,17.12,1.96,349.358,1899979249,183.87,1884473,20617586,4835288,0.18997,27492004,4870,0,3937067499,440,0,1,0,2,710249800000 bind:2 file=/anon_hugepage\040(deleted) huge anon=16 dirty=16 N2=16 kernelpagesize_kB=2048,799a76400000 bind:2 file=/anon_hugepage\040(deleted) huge anon=512 dirty=512 N2=512 kernelpagesize_kB=2048
AC-VC,12,2,2,32,60,1,2,17.12,1.95,362.931,1899981242,191.02,1963938,18786371,4843753,0.204982,27752723,4633,0,3936067262,440,0,1,0,2,719ce9800000 bind:2 file=/anon_hugepage\040(deleted) huge anon=16 dirty=16 N2=16 kernelpagesize_kB=2048,799a76400000 bind:2 file=/anon_hugepage\040(deleted) huge anon=512 dirty=512 N2=512 kernelpagesize_kB=2048
AC-VC,13,2,2,32,60,1,2,17.12,1.95,359.137,1899975675,189.02,1905298,19147852,4819769,0.201095,27688816,4562,0,3936732491,442,0,1,0,2,7dcaa7000000 bind:2 file=/anon_hugepage\040(deleted) huge anon=16 dirty=16 N2=16 kernelpagesize_kB=2048,799a76400000 bind:2 file=/anon_hugepage\040(deleted) huge anon=512 dirty=512 N2=512 kernelpagesize_kB=2048
AC-VC,14,2,2,32,60,1,2,17.12,1.95,367.401,1899980331,193.37,1953014,18429418,4833667,0.207783,27828046,5134,0,3935847048,448,0,1,0,2,7ad357800000 bind:2 file=/anon_hugepage\040(deleted) huge anon=16 dirty=16 N2=16 kernelpagesize_kB=2048,799a76400000 bind:2 file=/anon_hugepage\040(deleted) huge anon=512 dirty=512 N2=512 kernelpagesize_kB=2048
AC-VC,15,2,2,32,60,1,2,17.12,1.95,356.441,1899980769,187.6,1979626,19723263,4832844,0.196808,27630948,4542,0,3935958529,439,0,1,0,2,741f05e00000 bind:2 file=/anon_hugepage\040(deleted) huge anon=16 dirty=16 N2=16 kernelpagesize_kB=2048,799a76400000 bind:2 file=/anon_hugepage\040(deleted) huge anon=512 dirty=512 N2=512 kernelpagesize_kB=2048
AC-VC,16,2,2,32,60,1,2,17.12,1.95,361.182,1899984443,190.1,1931811,18833258,4848729,0.204743,27748524,4922,0,3935975170,444,0,1,0,2,768154a00000 bind:2 file=/anon_hugepage\040(deleted) huge anon=16 dirty=16 N2=16 kernelpagesize_kB=2048,799a76400000 bind:2 file=/anon_hugepage\040(deleted) huge anon=512 dirty=512 N2=512 kernelpagesize_kB=2048
AC-VC,17,2,2,32,60,1,2,17.12,1.95,356.012,1899979240,187.38,2002172,19508044,4877637,0.200021,27649650,4440,0,3935935516,444,0,1,0,2,7ce437e00000 bind:2 file=/anon_hugepage\040(deleted) huge anon=16 dirty=16 N2=16 kernelpagesize_kB=2048,799a76400000 bind:2 file=/anon_hugepage\040(deleted) huge anon=512 dirty=512 N2=512 kernelpagesize_kB=2048
AC-VC,18,2,2,32,60,1,2,17.12,1.95,361.106,1899950898,190.06,1967533,19074997,4857285,0.20296,27720925,4757,0,3936292291,444,0,1,0,2,78be5dc00000 bind:2 file=/anon_hugepage\040(deleted) huge anon=16 dirty=16 N2=16 kernelpagesize_kB=2048,799a76400000 bind:2 file=/anon_hugepage\040(deleted) huge anon=512 dirty=512 N2=512 kernelpagesize_kB=2048
AC-VC,19,2,2,32,60,1,2,17.12,1.95,374.847,1899976176,197.29,1934884,17357341,4887417,0.219711,27933265,4296,0,3935892782,436,0,1,0,2,7a04b9e00000 bind:2 file=/anon_hugepage\040(deleted) huge anon=16 dirty=16 N2=16 kernelpagesize_kB=2048,799a76400000 bind:2 file=/anon_hugepage\040(deleted) huge anon=512 dirty=512 N2=512 kernelpagesize_kB=2048
AC-VC,20,2,2,32,60,1,2,17.12,1.95,359.067,1899984697,188.98,1948860,19213287,4896411,0.203089,27710831,4661,0,3935976862,444,0,1,0,2,72d63ae00000 bind:2 file=/anon_hugepage\040(deleted) huge anon=16 dirty=16 N2=16 kernelpagesize_kB=2048,799a76400000 bind:2 file=/anon_hugepage\040(deleted) huge anon=512 dirty=512 N2=512 kernelpagesize_kB=2048
AC-VC,21,2,2,32,60,1,2,17.12,1.95,358.797,1899983462,188.84,1982814,19294461,4841637,0.200597,27691854,4702,0,3936091346,442,0,1,0,2,7e91adc00000 bind:2 file=/anon_hugepage\040(deleted) huge anon=16 dirty=16 N2=16 kernelpagesize_kB=2048,799a76400000 bind:2 file=/anon_hugepage\040(deleted) huge anon=512 dirty=512 N2=512 kernelpagesize_kB=2048
AC-VC,22,2,2,32,60,1,2,17.12,1.95,358.36,1899975174,188.61,1974418,19448252,4845065,0.19944,27660263,4312,0,3936336366,436,0,1,0,2,7fb031c00000 bind:2 file=/anon_hugepage\040(deleted) huge anon=16 dirty=16 N2=16 kernelpagesize_kB=2048,799a76400000 bind:2 file=/anon_hugepage\040(deleted) huge anon=512 dirty=512 N2=512 kernelpagesize_kB=2048
AC-VC,23,2,2,32,60,1,2,17.12,1.95,360.093,1899981047,189.52,1943909,18962538,4874573,0.204495,27712791,5421,0,3936295394,448,0,1,0,2,722022c00000 bind:2 file=/anon_hugepage\040(deleted) huge anon=16 dirty=16 N2=16 kernelpagesize_kB=2048,799a76400000 bind:2 file=/anon_hugepage\040(deleted) huge anon=512 dirty=512 N2=512 kernelpagesize_kB=2048
AC-VC,24,2,2,32,60,1,2,17.12,1.95,356.933,1899986142,187.86,1981856,19452393,4813498,0.198365,27658526,4352,0,3936042312,440,0,1,0,2,769762600000 bind:2 file=/anon_hugepage\040(deleted) huge anon=16 dirty=16 N2=16 kernelpagesize_kB=2048,799a76400000 bind:2 file=/anon_hugepage\040(deleted) huge anon=512 dirty=512 N2=512 kernelpagesize_kB=2048
AC-VC,25,2,2,32,60,1,2,17.12,1.95,366.495,1899983827,192.89,1942528,18386402,4860062,0.209067,27800783,4407,0,3936289230,438,0,1,0,2,707c8e200000 bind:2 file=/anon_hugepage\040(deleted) huge anon=16 dirty=16 N2=16 kernelpagesize_kB=2048,799a76400000 bind:2 file=/anon_hugepage\040(deleted) huge anon=512 dirty=512 N2=512 kernelpagesize_kB=2048
AC-VC,26,2,2,32,60,1,2,17.12,1.95,360.989,1899960285,190.0,1940133,18992946,4836794,0.202973,27690879,4534,0,3935841768,436,0,1,0,2,7f0f39600000 bind:2 file=/anon_hugepage\040(deleted) huge anon=16 dirty=16 N2=16 kernelpagesize_kB=2048,799a76400000 bind:2 file=/anon_hugepage\040(deleted) huge anon=512 dirty=512 N2=512 kernelpagesize_kB=2048
AC-VC,27,2,2,32,60,1,2,17.12,1.95,364.358,1899975183,191.77,1941646,18176777,4823871,0.209728,27784428,4432,0,3936755240,444,0,1,0,2,7e480a000000 bind:2 file=/anon_hugepage\040(deleted) huge anon=16 dirty=16 N2=16 kernelpagesize_kB=2048,799a76400000 bind:2 file=/anon_hugepage\040(deleted) huge anon=512 dirty=512 N2=512 kernelpagesize_kB=2048
AC-VC,28,2,2,32,60,1,2,17.12,1.95,375.015,1899979412,197.38,1992899,16952805,4880580,0.223537,28016552,10148,0,3935934678,490,0,1,0,2,784125800000 bind:2 file=/anon_hugepage\040(deleted) huge anon=16 dirty=16 N2=16 kernelpagesize_kB=2048,799a76400000 bind:2 file=/anon_hugepage\040(deleted) huge anon=512 dirty=512 N2=512 kernelpagesize_kB=2048
AC-VC,29,2,2,32,60,1,2,17.12,1.95,354.227,1899981476,186.44,1982126,19829812,4813160,0.195316,27583873,4667,0,3936372285,448,0,1,0,2,78e860200000 bind:2 file=/anon_hugepage\040(deleted) huge anon=16 dirty=16 N2=16 kernelpagesize_kB=2048,799a76400000 bind:2 file=/anon_hugepage\040(deleted) huge anon=512 dirty=512 N2=512 kernelpagesize_kB=2048
QC,0,2,-1,32,60,1,0,0.0,0,76.972,1899982697,40.51,1696115,224744119,24388,0.000109,211726,182,0,9968,404,0,1,0,0,726178600000 bind:2 file=/anon_hugepage\040(deleted) huge anon=16 dirty=16 N2=16 kernelpagesize_kB=2048,
QC,1,2,-1,32,60,1,0,0.0,0,76.979,1899977386,40.52,1674940,224916063,11797,5.2e-05,116916,30,0,5142,396,0,1,0,0,7421ff600000 bind:2 file=/anon_hugepage\040(deleted) huge anon=16 dirty=16 N2=16 kernelpagesize_kB=2048,
QC,2,2,-1,32,60,1,0,0.0,0,77.045,1899978904,40.55,1691859,224752993,11755,5.2e-05,104660,43,0,4373,396,0,1,0,0,7589b7600000 bind:2 file=/anon_hugepage\040(deleted) huge anon=16 dirty=16 N2=16 kernelpagesize_kB=2048,
QC,3,2,-1,32,60,1,0,0.0,0,77.017,1899980531,40.54,1667592,224675179,8754,3.9e-05,69718,22,0,3046,396,0,1,0,0,772e87800000 bind:2 file=/anon_hugepage\040(deleted) huge anon=16 dirty=16 N2=16 kernelpagesize_kB=2048,
QC,4,2,-1,32,60,1,0,0.0,0,76.968,1899982276,40.51,1666292,224936996,7702,3.4e-05,64590,19,0,2773,396,0,1,0,0,78a916a00000 bind:2 file=/anon_hugepage\040(deleted) huge anon=16 dirty=16 N2=16 kernelpagesize_kB=2048,
QC,5,2,-1,32,60,1,0,0.0,0,76.968,1899981460,40.51,1687968,224877345,8028,3.6e-05,57660,11,0,3689,396,0,1,0,0,7b1746a00000 bind:2 file=/anon_hugepage\040(deleted) huge anon=16 dirty=16 N2=16 kernelpagesize_kB=2048,
QC,6,2,-1,32,60,1,0,0.0,0,76.974,1899983167,40.51,1661092,224942819,8532,3.8e-05,65906,4,0,2990,394,0,1,0,0,78fb91800000 bind:2 file=/anon_hugepage\040(deleted) huge anon=16 dirty=16 N2=16 kernelpagesize_kB=2048,
QC,7,2,-1,32,60,1,0,0.0,0,76.99,1899978774,40.52,1665698,224997640,8401,3.7e-05,63005,32,0,3593,393,0,1,0,0,79dcfd400000 bind:2 file=/anon_hugepage\040(deleted) huge anon=16 dirty=16 N2=16 kernelpagesize_kB=2048,
QC,8,2,-1,32,60,1,0,0.0,0,76.964,1899981414,40.51,1654145,224859954,8259,3.7e-05,60358,288,0,3612,404,0,1,0,0,7c39c8800000 bind:2 file=/anon_hugepage\040(deleted) huge anon=16 dirty=16 N2=16 kernelpagesize_kB=2048,
QC,9,2,-1,32,60,1,0,0.0,0,76.987,1899982737,40.52,1676878,224807164,8562,3.8e-05,58214,40,0,2794,393,0,1,0,0,751be7200000 bind:2 file=/anon_hugepage\040(deleted) huge anon=16 dirty=16 N2=16 kernelpagesize_kB=2048,
QC,10,2,-1,32,60,1,0,0.0,0,77.037,1899978750,40.55,1680317,224658877,7744,3.4e-05,46450,46,0,2487,392,0,1,0,0,7926cf200000 bind:2 file=/anon_hugepage\040(deleted) huge anon=16 dirty=16 N2=16 kernelpagesize_kB=2048,
QC,11,2,-1,32,60,1,0,0.0,0,77.041,1899980752,40.55,1655721,224605368,9188,4.1e-05,49793,78,0,2758,396,0,1,0,0,76c092600000 bind:2 file=/anon_hugepage\040(deleted) huge anon=16 dirty=16 N2=16 kernelpagesize_kB=2048,
QC,12,2,-1,32,60,1,0,0.0,0,77.009,1899982454,40.53,1682915,224645549,7554,3.4e-05,39696,22,0,2713,392,0,1,0,0,7a548aa00000 bind:2 file=/anon_hugepage\040(deleted) huge anon=16 dirty=16 N2=16 kernelpagesize_kB=2048,
QC,13,2,-1,32,60,1,0,0.0,0,77.038,1899982260,40.55,1659160,224685239,9213,4.1e-05,48596,59,0,2235,392,0,1,0,0,7ade9f200000 bind:2 file=/anon_hugepage\040(deleted) huge anon=16 dirty=16 N2=16 kernelpagesize_kB=2048,
QC,14,2,-1,32,60,1,0,0.0,0,77.065,1899981190,40.56,1658487,224636335,14195,6.3e-05,75923,64,0,2822,396,0,1,0,0,72fa3c600000 bind:2 file=/anon_hugepage\040(deleted) huge anon=16 dirty=16 N2=16 kernelpagesize_kB=2048,
QC,15,2,-1,32,60,1,0,0.0,0,77.053,1899979462,40.55,1662612,224723499,8439,3.8e-05,50255,27,0,3334,393,0,1,0,0,790378e00000 bind:2 file=/anon_hugepage\040(deleted) huge anon=16 dirty=16 N2=16 kernelpagesize_kB=2048,
QC,16,2,-1,32,60,1,0,0.0,0,77.043,1899977086,40.55,1669941,224517795,7904,3.5e-05,47875,40,0,2896,396,0,1,0,0,77a8db600000 bind:2 file=/anon_hugepage\040(deleted) huge anon=16 dirty=16 N2=16 kernelpagesize_kB=2048,
QC,17,2,-1,32,60,1,0,0.0,0,77.036,1899980531,40.55,1671869,224695485,11834,5.3e-05,65182,112,0,3266,400,0,1,0,0,738a02400000 bind:2 file=/anon_hugepage\040(deleted) huge anon=16 dirty=16 N2=16 kernelpagesize_kB=2048,
QC,18,2,-1,32,60,1,0,0.0,0,77.032,1899982130,40.54,1649743,224600438,9053,4e-05,46672,43,0,2716,392,0,1,0,0,7b1e93600000 bind:2 file=/anon_hugepage\040(deleted) huge anon=16 dirty=16 N2=16 kernelpagesize_kB=2048,
QC,19,2,-1,32,60,1,0,0.0,0,77.017,1899982183,40.54,1654959,224720101,6660,3e-05,35678,42,0,2377,392,0,1,0,0,75ab8f000000 bind:2 file=/anon_hugepage\040(deleted) huge anon=16 dirty=16 N2=16 kernelpagesize_kB=2048,
QC,20,2,-1,32,60,1,0,0.0,0,76.995,1899976484,40.52,1692758,224820838,9117,4.1e-05,44292,46,0,3055,393,0,1,0,0,72b803800000 bind:2 file=/anon_hugepage\040(deleted) huge anon=16 dirty=16 N2=16 kernelpagesize_kB=2048,
QC,21,2,-1,32,60,1,0,0.0,0,77.014,1899979360,40.53,1675067,224692047,9911,4.4e-05,62386,63,0,3368,396,0,1,0,0,743623400000 bind:2 file=/anon_hugepage\040(deleted) huge anon=16 dirty=16 N2=16 kernelpagesize_kB=2048,
QC,22,2,-1,32,60,1,0,0.0,0,76.994,1899978947,40.52,1699162,224874044,9333,4.2e-05,43331,29,0,3188,392,0,1,0,0,7e4977400000 bind:2 file=/anon_hugepage\040(deleted) huge anon=16 dirty=16 N2=16 kernelpagesize_kB=2048,
QC,23,2,-1,32,60,1,0,0.0,0,77.028,1899980484,40.54,1690814,224683268,7383,3.3e-05,41796,40,0,2833,396,0,1,0,0,7cb0e4600000 bind:2 file=/anon_hugepage\040(deleted) huge anon=16 dirty=16 N2=16 kernelpagesize_kB=2048,
QC,24,2,-1,32,60,1,0,0.0,0,77.041,1899981812,40.55,1679467,224588402,9231,4.1e-05,51513,34,0,2782,396,0,1,0,0,7f7a72c00000 bind:2 file=/anon_hugepage\040(deleted) huge anon=16 dirty=16 N2=16 kernelpagesize_kB=2048,
QC,25,2,-1,32,60,1,0,0.0,0,76.991,1899982237,40.52,1661432,224779629,11039,4.9e-05,49566,51,0,3146,396,0,1,0,0,7d1f0b600000 bind:2 file=/anon_hugepage\040(deleted) huge anon=16 dirty=16 N2=16 kernelpagesize_kB=2048,
QC,26,2,-1,32,60,1,0,0.0,0,76.978,1899982642,40.52,1670818,224820457,9162,4.1e-05,41618,34,0,3067,396,0,1,0,0,71f9a7200000 bind:2 file=/anon_hugepage\040(deleted) huge anon=16 dirty=16 N2=16 kernelpagesize_kB=2048,
QC,27,2,-1,32,60,1,0,0.0,0,77.014,1899978824,40.53,1692025,224868515,20411,9.1e-05,81016,55,0,3216,400,0,1,0,0,736b71600000 bind:2 file=/anon_hugepage\040(deleted) huge anon=16 dirty=16 N2=16 kernelpagesize_kB=2048,
QC,28,2,-1,32,60,1,0,0.0,0,77.017,1899982041,40.54,1683054,224719191,9683,4.3e-05,41884,28,0,2786,392,0,1,0,0,786099e00000 bind:2 file=/anon_hugepage\040(deleted) huge anon=16 dirty=16 N2=16 kernelpagesize_kB=2048,
QC,29,2,-1,32,60,1,0,0.0,0,76.991,1899983971,40.52,1673832,224812087,11306,5e-05,51625,40,0,2699,393,0,1,0,0,7a5af9200000 bind:2 file=/anon_hugepage\040(deleted) huge anon=16 dirty=16 N2=16 kernelpagesize_kB=2048,
AC-VL,0,0,2,32,60,1,2,17.12,1.95,79.532,1899983271,41.86,1970838,215135470,4288794,0.019546,4535200,4937,0,3939522797,569,1,0,0,2,7a343ec00000 bind:0 file=/anon_hugepage\040(deleted) huge anon=16 dirty=16 N0=16 kernelpagesize_kB=2048,7db4f7600000 bind:2 file=/anon_hugepage\040(deleted) huge anon=512 dirty=512 N2=512 kernelpagesize_kB=2048
AC-VL,1,0,2,32,60,1,2,17.12,1.95,79.196,1899980251,41.68,2024748,216616654,3860832,0.017511,4133219,8282,0,3938589384,621,1,0,0,2,7eb1c9000000 bind:0 file=/anon_hugepage\040(deleted) huge anon=16 dirty=16 N0=16 kernelpagesize_kB=2048,7db4f7600000 bind:2 file=/anon_hugepage\040(deleted) huge anon=512 dirty=512 N2=512 kernelpagesize_kB=2048
AC-VL,2,0,2,32,60,1,2,17.12,1.94,78.506,1899985900,41.32,1960954,219787995,2759109,0.012398,3022261,5040,0,3936886539,528,1,0,0,2,7695dec00000 bind:0 file=/anon_hugepage\040(deleted) huge anon=16 dirty=16 N0=16 kernelpagesize_kB=2048,7db4f7600000 bind:2 file=/anon_hugepage\040(deleted) huge anon=512 dirty=512 N2=512 kernelpagesize_kB=2048
AC-VL,3,0,2,32,60,1,2,17.12,1.95,78.87,1899982169,41.51,1956054,218066997,3242655,0.014652,3500936,5380,0,3937238614,548,1,0,0,2,744535600000 bind:0 file=/anon_hugepage\040(deleted) huge anon=16 dirty=16 N0=16 kernelpagesize_kB=2048,7db4f7600000 bind:2 file=/anon_hugepage\040(deleted) huge anon=512 dirty=512 N2=512 kernelpagesize_kB=2048
AC-VL,4,0,2,32,60,1,2,17.12,1.95,78.521,1899983107,41.33,1988914,219767706,2653183,0.011929,2918669,5042,0,3937412765,524,1,0,0,2,71a36d400000 bind:0 file=/anon_hugepage\040(deleted) huge anon=16 dirty=16 N0=16 kernelpagesize_kB=2048,7db4f7600000 bind:2 file=/anon_hugepage\040(deleted) huge anon=512 dirty=512 N2=512 kernelpagesize_kB=2048
AC-VL,5,0,2,32,60,1,2,17.12,1.95,78.688,1899982957,41.42,1989225,218767929,3042536,0.013717,3319287,5013,0,3937514555,540,1,0,0,2,778037800000 bind:0 file=/anon_hugepage\040(deleted) huge anon=16 dirty=16 N0=16 kernelpagesize_kB=2048,7db4f7600000 bind:2 file=/anon_hugepage\040(deleted) huge anon=512 dirty=512 N2=512 kernelpagesize_kB=2048
AC-VL,6,0,2,32,60,1,2,17.12,1.95,79.211,1899980961,41.69,1988516,216188010,3959440,0.017985,4230386,5101,0,3937854149,564,1,0,0,2,7e4e73e00000 bind:0 file=/anon_hugepage\040(deleted) huge anon=16 dirty=16 N0=16 kernelpagesize_kB=2048,7db4f7600000 bind:2 file=/anon_hugepage\040(deleted) huge anon=512 dirty=512 N2=512 kernelpagesize_kB=2048
AC-VL,7,0,2,32,60,1,2,17.12,1.95,78.12,1899984680,41.12,1966756,221136730,2269923,0.01016,2529510,4812,0,3937963309,512,1,0,0,2,7bb4d4e00000 bind:0 file=/anon_hugepage\040(deleted) huge anon=16 dirty=16 N0=16 kernelpagesize_kB=2048,7db4f7600000 bind:2 file=/anon_hugepage\040(deleted) huge anon=512 dirty=512 N2=512 kernelpagesize_kB=2048
AC-VL,8,0,2,32,60,1,2,17.12,1.95,78.58,1899983794,41.36,1996899,219362602,2880392,0.012961,3139299,4625,0,3938032725,530,1,0,0,2,708511e00000 bind:0 file=/anon_hugepage\040(deleted) huge anon=16 dirty=16 N0=16 kernelpagesize_kB=2048,7db4f7600000 bind:2 file=/anon_hugepage\040(deleted) huge anon=512 dirty=512 N2=512 kernelpagesize_kB=2048
AC-VL,9,0,2,32,60,1,2,17.12,1.95,79.264,1899983061,41.72,1988025,215908624,4086237,0.018574,4371401,4870,0,3937508889,569,1,0,0,2,79212c000000 bind:0 file=/anon_hugepage\040(deleted) huge anon=16 dirty=16 N0=16 kernelpagesize_kB=2048,7db4f7600000 bind:2 file=/anon_hugepage\040(deleted) huge anon=512 dirty=512 N2=512 kernelpagesize_kB=2048
AC-VL,10,0,2,32,60,1,2,17.12,1.95,79.321,1899984969,41.75,1981907,215767041,4096442,0.018632,4382695,4922,0,3937624424,569,1,0,0,2,737bfea00000 bind:0 file=/anon_hugepage\040(deleted) huge anon=16 dirty=16 N0=16 kernelpagesize_kB=2048,7db4f7600000 bind:2 file=/anon_hugepage\040(deleted) huge anon=512 dirty=512 N2=512 kernelpagesize_kB=2048
AC-VL,11,0,2,32,60,1,2,17.12,1.95,78.974,1899984562,41.57,1996756,217433622,3506148,0.015869,3795007,4816,0,3937622411,546,1,0,0,2,7f4473e00000 bind:0 file=/anon_hugepage\040(deleted) huge anon=16 dirty=16 N0=16 kernelpagesize_kB=2048,7db4f7600000 bind:2 file=/anon_hugepage\040(deleted) huge anon=512 dirty=512 N2=512 kernelpagesize_kB=2048
AC-VL,12,0,2,32,60,1,2,17.12,1.95,79.103,1899981306,41.63,1981490,216857805,3688594,0.016725,3968087,4705,0,3936845086,552,1,0,0,2,7c68c6a00000 bind:0 file=/anon_hugepage\040(deleted) huge anon=16 dirty=16 N0=16 kernelpagesize_kB=2048,7db4f7600000 bind:2 file=/anon_hugepage\040(deleted) huge anon=512 dirty=512 N2=512 kernelpagesize_kB=2048
AC-VL,13,0,2,32,60,1,2,17.12,1.95,78.719,1899981948,41.43,2000053,218228277,3221381,0.014547,3511966,5069,0,3937436893,545,1,0,0,2,741b8b200000 bind:0 file=/anon_hugepage\040(deleted) huge anon=16 dirty=16 N0=16 kernelpagesize_kB=2048,7db4f7600000 bind:2 file=/anon_hugepage\040(deleted) huge anon=512 dirty=512 N2=512 kernelpagesize_kB=2048
AC-VL,14,0,2,32,60,1,2,17.12,1.95,78.221,1899984148,41.17,1980114,220791978,2313766,0.010371,2593060,4853,0,3936743689,513,1,0,0,2,75a30a800000 bind:0 file=/anon_hugepage\040(deleted) huge anon=16 dirty=16 N0=16 kernelpagesize_kB=2048,7db4f7600000 bind:2 file=/anon_hugepage\040(deleted) huge anon=512 dirty=512 N2=512 kernelpagesize_kB=2048
AC-VL,15,0,2,32,60,1,2,17.12,1.95,78.529,1899984656,41.33,1972456,219512779,2684398,0.012081,2964581,4759,0,3936578440,521,1,0,0,2,764bfba00000 bind:0 file=/anon_hugepage\040(deleted) huge anon=16 dirty=16 N0=16 kernelpagesize_kB=2048,7db4f7600000 bind:2 file=/anon_hugepage\040(deleted) huge anon=512 dirty=512 N2=512 kernelpagesize_kB=2048
AC-VL,16,0,2,32,60,1,2,17.12,1.95,78.266,1899983625,41.19,1982929,220673399,2323343,0.010419,2580609,4807,0,3937147060,515,1,0,0,2,7e9812000000 bind:0 file=/anon_hugepage\040(deleted) huge anon=16 dirty=16 N0=16 kernelpagesize_kB=2048,7db4f7600000 bind:2 file=/anon_hugepage\040(deleted) huge anon=512 dirty=512 N2=512 kernelpagesize_kB=2048
AC-VL,17,0,2,32,60,1,2,17.12,1.95,78.718,1899984948,41.43,1981448,219166679,2859146,0.012878,3123237,4920,0,3936554197,531,1,0,0,2,798873e00000 bind:0 file=/anon_hugepage\040(deleted) huge anon=16 dirty=16 N0=16 kernelpagesize_kB=2048,7db4f7600000 bind:2 file=/anon_hugepage\040(deleted) huge anon=512 dirty=512 N2=512 kernelpagesize_kB=2048
AC-VL,18,0,2,32,60,1,2,17.12,1.95,78.793,1899980684,41.47,1930195,218577955,3007128,0.013571,3277249,4888,0,3936634245,535,1,0,0,2,7b4f24800000 bind:0 file=/anon_hugepage\040(deleted) huge anon=16 dirty=16 N0=16 kernelpagesize_kB=2048,7db4f7600000 bind:2 file=/anon_hugepage\040(deleted) huge anon=512 dirty=512 N2=512 kernelpagesize_kB=2048
AC-VL,19,0,2,32,60,1,2,17.12,1.95,78.795,1899981986,41.47,1976538,218608200,3023256,0.013641,3292924,4515,0,3936387117,532,1,0,0,2,707877400000 bind:0 file=/anon_hugepage\040(deleted) huge anon=16 dirty=16 N0=16 kernelpagesize_kB=2048,7db4f7600000 bind:2 file=/anon_hugepage\040(deleted) huge anon=512 dirty=512 N2=512 kernelpagesize_kB=2048
AC-VL,20,0,2,32,60,1,2,17.12,1.95,78.168,1899981877,41.14,1977169,221703428,2001151,0.008946,2251523,6378,0,3936281682,512,1,0,0,2,7eb32aa00000 bind:0 file=/anon_hugepage\040(deleted) huge anon=16 dirty=16 N0=16 kernelpagesize_kB=2048,7db4f7600000 bind:2 file=/anon_hugepage\040(deleted) huge anon=512 dirty=512 N2=512 kernelpagesize_kB=2048
AC-VL,21,0,2,32,60,1,2,17.12,1.95,79.009,1899981515,41.58,1967466,217501090,3473548,0.015719,3742232,5220,0,3936545370,556,1,0,0,2,7b9a5f600000 bind:0 file=/anon_hugepage\040(deleted) huge anon=16 dirty=16 N0=16 kernelpagesize_kB=2048,7db4f7600000 bind:2 file=/anon_hugepage\040(deleted) huge anon=512 dirty=512 N2=512 kernelpagesize_kB=2048
AC-VL,22,0,2,32,60,1,2,17.12,1.95,78.406,1899980412,41.27,2000998,220292338,2528528,0.011348,2804033,5294,0,3936882799,527,1,0,0,2,74f46c200000 bind:0 file=/anon_hugepage\040(deleted) huge anon=16 dirty=16 N0=16 kernelpagesize_kB=2048,7db4f7600000 bind:2 file=/anon_hugepage\040(deleted) huge anon=512 dirty=512 N2=512 kernelpagesize_kB=2048
AC-VL,23,0,2,32,60,1,2,17.12,1.95,78.516,1899981906,41.32,2006641,219783527,2685214,0.01207,2947858,4710,0,3936408433,525,1,0,0,2,7f06ebe00000 bind:0 file=/anon_hugepage\040(deleted) huge anon=16 dirty=16 N0=16 kernelpagesize_kB=2048,7db4f7600000 bind:2 file=/anon_hugepage\040(deleted) huge anon=512 dirty=512 N2=512 kernelpagesize_kB=2048
AC-VL,24,0,2,32,60,1,2,17.12,1.95,78.971,1899984278,41.56,1949590,217789259,3349863,0.015148,3619630,5342,0,3936236062,549,1,0,0,2,7db26e000000 bind:0 file=/anon_hugepage\040(deleted) huge anon=16 dirty=16 N0=16 kernelpagesize_kB=2048,7db4f7600000 bind:2 file=/anon_hugepage\040(deleted) huge anon=512 dirty=512 N2=512 kernelpagesize_kB=2048
AC-VL,25,0,2,32,60,1,2,17.12,1.94,78.829,1899984628,41.49,1975837,218275960,3233170,0.014596,3486401,8168,0,3936656753,582,1,0,0,2,734de7c00000 bind:0 file=/anon_hugepage\040(deleted) huge anon=16 dirty=16 N0=16 kernelpagesize_kB=2048,7db4f7600000 bind:2 file=/anon_hugepage\040(deleted) huge anon=512 dirty=512 N2=512 kernelpagesize_kB=2048
AC-VL,26,0,2,32,60,1,2,17.12,1.95,78.399,1899985294,41.26,1966819,220101381,2617854,0.011754,2860136,5202,0,3937411089,538,1,0,0,2,75d359200000 bind:0 file=/anon_hugepage\040(deleted) huge anon=16 dirty=16 N0=16 kernelpagesize_kB=2048,7db4f7600000 bind:2 file=/anon_hugepage\040(deleted) huge anon=512 dirty=512 N2=512 kernelpagesize_kB=2048
AC-VL,27,0,2,32,60,1,2,17.12,1.95,78.799,1899985562,41.47,1994066,218362735,3178754,0.014348,3444263,6352,0,3936360010,561,1,0,0,2,76b5c6400000 bind:0 file=/anon_hugepage\040(deleted) huge anon=16 dirty=16 N0=16 kernelpagesize_kB=2048,7db4f7600000 bind:2 file=/anon_hugepage\040(deleted) huge anon=512 dirty=512 N2=512 kernelpagesize_kB=2048
AC-VL,28,0,2,32,60,1,2,17.12,1.95,78.565,1899982072,41.35,1982871,219339991,2833646,0.012754,3081002,5561,0,3936326401,543,1,0,0,2,770d00600000 bind:0 file=/anon_hugepage\040(deleted) huge anon=16 dirty=16 N0=16 kernelpagesize_kB=2048,7db4f7600000 bind:2 file=/anon_hugepage\040(deleted) huge anon=512 dirty=512 N2=512 kernelpagesize_kB=2048
AC-VL,29,0,2,32,60,1,2,17.12,1.95,78.264,1899981315,41.19,1983812,220537961,2424262,0.010873,2691241,5360,0,3935977546,530,1,0,0,2,76d4f9a00000 bind:0 file=/anon_hugepage\040(deleted) huge anon=16 dirty=16 N0=16 kernelpagesize_kB=2048,7db4f7600000 bind:2 file=/anon_hugepage\040(deleted) huge anon=512 dirty=512 N2=512 kernelpagesize_kB=2048
