condition,trial,platform,victim_wss_bytes_requested,victim_wss_note,aggressor_cores,aggressor_region_gb_per_core,cycles_per_load,latency_ns,l2_hit,l3_hit,l3_miss,l2_hit_fraction
Q_L2,0,Xeon Platinum 8592+,393216,benchmark aligns to 2MB hugepage; intended L2-fit control,0,0,19.713,10.38,923495195,36087558,18008,0.962374
Q_L2,1,Xeon Platinum 8592+,393216,benchmark aligns to 2MB hugepage; intended L2-fit control,0,0,19.65,10.34,927104005,35488910,10578,0.963121
Q_L2,2,Xeon Platinum 8592+,393216,benchmark aligns to 2MB hugepage; intended L2-fit control,0,0,19.688,10.36,925253102,35635286,9215,0.962905
Q_L2,3,Xeon Platinum 8592+,393216,benchmark aligns to 2MB hugepage; intended L2-fit control,0,0,19.69,10.36,925185139,35532560,11564,0.963003
Q_L2,4,Xeon Platinum 8592+,393216,benchmark aligns to 2MB hugepage; intended L2-fit control,0,0,19.658,10.35,926782680,35471588,10529,0.963126
Q_L2,5,Xeon Platinum 8592+,393216,benchmark aligns to 2MB hugepage; intended L2-fit control,0,0,19.649,10.34,927110583,35474496,9547,0.963137
Q_L2,6,Xeon Platinum 8592+,393216,benchmark aligns to 2MB hugepage; intended L2-fit control,0,0,19.673,10.35,925701246,35922366,19371,0.962625
Q_L2,7,Xeon Platinum 8592+,393216,benchmark aligns to 2MB hugepage; intended L2-fit control,0,0,19.666,10.35,925999513,35835576,9600,0.962733
Q_L2,8,Xeon Platinum 8592+,393216,benchmark aligns to 2MB hugepage; intended L2-fit control,0,0,19.665,10.35,926401963,35685385,9487,0.962899
Q_L2,9,Xeon Platinum 8592+,393216,benchmark aligns to 2MB hugepage; intended L2-fit control,0,0,19.654,10.34,926957049,35479998,8733,0.963127
Q_L2,10,Xeon Platinum 8592+,393216,benchmark aligns to 2MB hugepage; intended L2-fit control,0,0,19.71,10.37,923927892,35914795,11174,0.962571
Q_L2,11,Xeon Platinum 8592+,393216,benchmark aligns to 2MB hugepage; intended L2-fit control,0,0,19.716,10.38,923772900,35686335,12360,0.962793
Q_L2,12,Xeon Platinum 8592+,393216,benchmark aligns to 2MB hugepage; intended L2-fit control,0,0,19.694,10.37,924898700,35683522,7965,0.962844
Q_L2,13,Xeon Platinum 8592+,393216,benchmark aligns to 2MB hugepage; intended L2-fit control,0,0,19.731,10.38,923110670,35817199,11446,0.962637
Q_L2,14,Xeon Platinum 8592+,393216,benchmark aligns to 2MB hugepage; intended L2-fit control,0,0,19.705,10.37,924431352,35621607,9434,0.962887
Q_L2,15,Xeon Platinum 8592+,393216,benchmark aligns to 2MB hugepage; intended L2-fit control,0,0,19.694,10.37,925148961,35453537,7565,0.963085
Q_L2,16,Xeon Platinum 8592+,393216,benchmark aligns to 2MB hugepage; intended L2-fit control,0,0,19.7,10.37,924591613,35561954,9082,0.962953
Q_L2,17,Xeon Platinum 8592+,393216,benchmark aligns to 2MB hugepage; intended L2-fit control,0,0,19.741,10.39,922184455,35941509,12879,0.962475
Q_L2,18,Xeon Platinum 8592+,393216,benchmark aligns to 2MB hugepage; intended L2-fit control,0,0,19.721,10.38,923350273,35812517,9511,0.962653
Q_L2,19,Xeon Platinum 8592+,393216,benchmark aligns to 2MB hugepage; intended L2-fit control,0,0,19.685,10.36,925567714,35346474,9013,0.963207
Q_L2,20,Xeon Platinum 8592+,393216,benchmark aligns to 2MB hugepage; intended L2-fit control,0,0,19.729,10.38,922838332,35892870,10714,0.962551
Q_L2,21,Xeon Platinum 8592+,393216,benchmark aligns to 2MB hugepage; intended L2-fit control,0,0,19.698,10.37,924754943,35602556,11431,0.962916
Q_L2,22,Xeon Platinum 8592+,393216,benchmark aligns to 2MB hugepage; intended L2-fit control,0,0,19.695,10.37,924801380,35570153,7648,0.962954
Q_L2,23,Xeon Platinum 8592+,393216,benchmark aligns to 2MB hugepage; intended L2-fit control,0,0,19.713,10.38,923829293,35743499,12395,0.962738
Q_L2,24,Xeon Platinum 8592+,393216,benchmark aligns to 2MB hugepage; intended L2-fit control,0,0,19.708,10.37,924426239,35473774,8377,0.963036
Q_L2,25,Xeon Platinum 8592+,393216,benchmark aligns to 2MB hugepage; intended L2-fit control,0,0,19.699,10.37,924617354,35675984,9494,0.962839
Q_L2,26,Xeon Platinum 8592+,393216,benchmark aligns to 2MB hugepage; intended L2-fit control,0,0,19.694,10.37,925173708,35467778,8858,0.96307
Q_L2,27,Xeon Platinum 8592+,393216,benchmark aligns to 2MB hugepage; intended L2-fit control,0,0,19.712,10.37,924040650,35672014,10404,0.96282
Q_L2,28,Xeon Platinum 8592+,393216,benchmark aligns to 2MB hugepage; intended L2-fit control,0,0,19.695,10.37,924537781,35784991,9855,0.962727
Q_L2,29,Xeon Platinum 8592+,393216,benchmark aligns to 2MB hugepage; intended L2-fit control,0,0,19.677,10.36,925734592,35554245,10685,0.963003
A_L2_scaled,0,Xeon Platinum 8592+,393216,benchmark aligns to 2MB hugepage; intended L2-fit control,4,5,19.218,10.11,954475241,29013758,20967,0.970478
A_L2_scaled,1,Xeon Platinum 8592+,393216,benchmark aligns to 2MB hugepage; intended L2-fit control,4,5,19.258,10.14,952561202,28920850,20415,0.970513
A_L2_scaled,2,Xeon Platinum 8592+,393216,benchmark aligns to 2MB hugepage; intended L2-fit control,4,5,19.256,10.13,952373923,29097975,21388,0.970332
A_L2_scaled,3,Xeon Platinum 8592+,393216,benchmark aligns to 2MB hugepage; intended L2-fit control,4,5,19.201,10.11,956091831,28233130,24016,0.971294
A_L2_scaled,4,Xeon Platinum 8592+,393216,benchmark aligns to 2MB hugepage; intended L2-fit control,4,5,19.274,10.14,951565611,29001426,23809,0.9704
A_L2_scaled,5,Xeon Platinum 8592+,393216,benchmark aligns to 2MB hugepage; intended L2-fit control,4,5,19.235,10.12,954069082,28437648,25731,0.971031
A_L2_scaled,6,Xeon Platinum 8592+,393216,benchmark aligns to 2MB hugepage; intended L2-fit control,4,5,19.255,10.13,952523607,28974919,21655,0.970457
A_L2_scaled,7,Xeon Platinum 8592+,393216,benchmark aligns to 2MB hugepage; intended L2-fit control,4,5,19.198,10.1,955706705,28766167,24271,0.970756
A_L2_scaled,8,Xeon Platinum 8592+,393216,benchmark aligns to 2MB hugepage; intended L2-fit control,4,5,19.199,10.1,955353161,29003414,22237,0.970514
A_L2_scaled,9,Xeon Platinum 8592+,393216,benchmark aligns to 2MB hugepage; intended L2-fit control,4,5,19.196,10.1,955751856,28782814,22390,0.970743
A_L2_scaled,10,Xeon Platinum 8592+,393216,benchmark aligns to 2MB hugepage; intended L2-fit control,4,5,19.23,10.12,953842698,29148389,24702,0.970323
A_L2_scaled,11,Xeon Platinum 8592+,393216,benchmark aligns to 2MB hugepage; intended L2-fit control,4,5,19.172,10.09,957461496,28461016,21266,0.971112
A_L2_scaled,12,Xeon Platinum 8592+,393216,benchmark aligns to 2MB hugepage; intended L2-fit control,4,5,19.231,10.12,954074175,28830744,21471,0.970647
A_L2_scaled,13,Xeon Platinum 8592+,393216,benchmark aligns to 2MB hugepage; intended L2-fit control,4,5,19.245,10.13,953407555,28715615,22406,0.97074
A_L2_scaled,14,Xeon Platinum 8592+,393216,benchmark aligns to 2MB hugepage; intended L2-fit control,4,5,19.242,10.13,953537213,28666510,23462,0.970791
A_L2_scaled,15,Xeon Platinum 8592+,393216,benchmark aligns to 2MB hugepage; intended L2-fit control,4,5,19.22,10.12,955217758,28227812,23754,0.971274
A_L2_scaled,16,Xeon Platinum 8592+,393216,benchmark aligns to 2MB hugepage; intended L2-fit control,4,5,19.251,10.13,952893006,28794445,22825,0.970646
A_L2_scaled,17,Xeon Platinum 8592+,393216,benchmark aligns to 2MB hugepage; intended L2-fit control,4,5,19.239,10.13,953965819,28508060,25006,0.970959
A_L2_scaled,18,Xeon Platinum 8592+,393216,benchmark aligns to 2MB hugepage; intended L2-fit control,4,5,19.277,10.15,951616473,29071095,26192,0.97033
A_L2_scaled,19,Xeon Platinum 8592+,393216,benchmark aligns to 2MB hugepage; intended L2-fit control,4,5,19.247,10.13,952903125,28996415,20271,0.970449
A_L2_scaled,20,Xeon Platinum 8592+,393216,benchmark aligns to 2MB hugepage; intended L2-fit control,4,5,19.227,10.12,954332060,28581470,22456,0.9709
A_L2_scaled,21,Xeon Platinum 8592+,393216,benchmark aligns to 2MB hugepage; intended L2-fit control,4,5,19.238,10.13,953825465,28549147,21419,0.970917
A_L2_scaled,22,Xeon Platinum 8592+,393216,benchmark aligns to 2MB hugepage; intended L2-fit control,4,5,19.236,10.12,953800569,28789718,22159,0.970678
A_L2_scaled,23,Xeon Platinum 8592+,393216,benchmark aligns to 2MB hugepage; intended L2-fit control,4,5,19.227,10.12,954548373,28455554,22924,0.97103
A_L2_scaled,24,Xeon Platinum 8592+,393216,benchmark aligns to 2MB hugepage; intended L2-fit control,4,5,19.236,10.12,953590093,28883051,20539,0.970581
A_L2_scaled,25,Xeon Platinum 8592+,393216,benchmark aligns to 2MB hugepage; intended L2-fit control,4,5,19.223,10.12,954561504,28546021,21333,0.970942
A_L2_scaled,26,Xeon Platinum 8592+,393216,benchmark aligns to 2MB hugepage; intended L2-fit control,4,5,19.244,10.13,953196266,28891237,23487,0.970559
A_L2_scaled,27,Xeon Platinum 8592+,393216,benchmark aligns to 2MB hugepage; intended L2-fit control,4,5,19.253,10.13,952809024,28788535,27587,0.970644
A_L2_scaled,28,Xeon Platinum 8592+,393216,benchmark aligns to 2MB hugepage; intended L2-fit control,4,5,19.255,10.13,952614397,28963879,24310,0.970469
A_L2_scaled,29,Xeon Platinum 8592+,393216,benchmark aligns to 2MB hugepage; intended L2-fit control,4,5,19.246,10.13,953253849,28746800,22889,0.970704
