condition,trial,platform,victim_wss_mb,llc_capacity_mb,aggressor_cores,aggressor_region_gb_per_core,cycles_per_load,latency_ns,tsc_hz,l2_hit,l3_hit,l3_miss,l3_miss_fraction,offcore_outstanding_data_rd,imc_cas_read,imc_read_bw_gbps,rpq_cycles,agg_progress_bw_untrusted,victim_numa_n0,victim_numa_n2,aggressor_numa_n0,aggressor_numa_n2,victim_numa_sample,aggressor_numa_sample
B,0,Xeon Platinum 8592+,170,320,4,5,215.461,113.4,1899983404,1911814,12662265,69676272,0.846217,51345758265,499320,0.003,43210059124,17.48,1,0,0,0,73b794e00000 bind:0 file=/anon_hugepage\040(deleted) huge anon=85 dirty=85 N0=85 kernelpagesize_kB=2048,ERR:PermissionError
B,1,Xeon Platinum 8592+,170,320,4,5,218.698,115.11,1899979518,1945779,10782231,70349865,0.867103,16491401562,498584,0.003,43218102975,17.46,1,0,0,0,742d46400000 bind:0 file=/anon_hugepage\040(deleted) huge anon=85 dirty=85 N0=85 kernelpagesize_kB=2048,ERR:PermissionError
B,2,Xeon Platinum 8592+,170,320,4,5,220.344,115.97,1899981019,1943027,9879283,70681194,0.877368,16511736037,498431,0.003,43201473645,17.49,1,0,0,0,74a502e00000 bind:0 file=/anon_hugepage\040(deleted) huge anon=85 dirty=85 N0=85 kernelpagesize_kB=2048,ERR:PermissionError
B,3,Xeon Platinum 8592+,170,320,4,5,222.49,117.1,1899982074,1896703,8681264,71036072,0.891099,16465922078,498758,0.003,43201561824,17.44,1,0,0,0,709f8e800000 bind:0 file=/anon_hugepage\040(deleted) huge anon=85 dirty=85 N0=85 kernelpagesize_kB=2048,ERR:PermissionError
B,4,Xeon Platinum 8592+,170,320,4,5,218.862,115.19,1899981572,1927309,10487307,70406729,0.870357,16408726425,498449,0.003,43202449046,17.46,1,0,0,0,76a09d400000 bind:0 file=/anon_hugepage\040(deleted) huge anon=85 dirty=85 N0=85 kernelpagesize_kB=2048,ERR:PermissionError
B,5,Xeon Platinum 8592+,170,320,4,5,220.262,115.93,1899983018,1948221,9827265,70658941,0.877901,16456006623,498544,0.003,43201110074,17.48,1,0,0,0,76c91b400000 bind:0 file=/anon_hugepage\040(deleted) huge anon=85 dirty=85 N0=85 kernelpagesize_kB=2048,ERR:PermissionError
B,6,Xeon Platinum 8592+,170,320,4,5,222.442,117.08,1899982425,1928061,8912659,70983568,0.888447,16475552227,498632,0.003,43200716687,17.47,1,0,0,0,74bfbd400000 bind:0 file=/anon_hugepage\040(deleted) huge anon=85 dirty=85 N0=85 kernelpagesize_kB=2048,ERR:PermissionError
B,7,Xeon Platinum 8592+,170,320,4,5,223.26,117.51,1899984215,1921071,8219310,71179181,0.89648,16455721960,498934,0.003,43203857616,17.46,1,0,0,0,78c6b0000000 bind:0 file=/anon_hugepage\040(deleted) huge anon=85 dirty=85 N0=85 kernelpagesize_kB=2048,ERR:PermissionError
B,8,Xeon Platinum 8592+,170,320,4,5,222.707,117.21,1899988189,1947527,8710852,70996483,0.890715,16430699156,498462,0.003,43201723432,17.48,1,0,0,0,7efff3800000 bind:0 file=/anon_hugepage\040(deleted) huge anon=85 dirty=85 N0=85 kernelpagesize_kB=2048,ERR:PermissionError
B,9,Xeon Platinum 8592+,170,320,4,5,221.224,116.43,1899986878,1978771,9422768,70807561,0.882554,16451618833,498545,0.003,43206990280,17.51,1,0,0,0,7759e0a00000 bind:0 file=/anon_hugepage\040(deleted) huge anon=85 dirty=85 N0=85 kernelpagesize_kB=2048,ERR:PermissionError
B,10,Xeon Platinum 8592+,170,320,4,5,220.396,116.0,1899978640,1960680,9939101,70635470,0.876647,16473230339,498602,0.003,43199945825,17.46,1,0,0,0,7665e1e00000 bind:0 file=/anon_hugepage\040(deleted) huge anon=85 dirty=85 N0=85 kernelpagesize_kB=2048,ERR:PermissionError
B,11,Xeon Platinum 8592+,170,320,4,5,221.007,116.32,1899984593,1912705,9362258,70756403,0.883145,16394350002,498348,0.003,43200272753,17.42,1,0,0,0,73069a200000 bind:0 file=/anon_hugepage\040(deleted) huge anon=85 dirty=85 N0=85 kernelpagesize_kB=2048,ERR:PermissionError
B,12,Xeon Platinum 8592+,170,320,4,5,219.799,115.68,1899987507,1928431,10090999,70511287,0.874805,16372384070,498614,0.003,43218556813,17.45,1,0,0,0,72ef44e00000 bind:0 file=/anon_hugepage\040(deleted) huge anon=85 dirty=85 N0=85 kernelpagesize_kB=2048,ERR:PermissionError
B,13,Xeon Platinum 8592+,170,320,4,5,223.106,117.43,1899986136,1952736,8514632,71078419,0.893023,16432868368,498842,0.003,43205286079,17.46,1,0,0,0,7d919a800000 bind:0 file=/anon_hugepage\040(deleted) huge anon=85 dirty=85 N0=85 kernelpagesize_kB=2048,ERR:PermissionError
B,14,Xeon Platinum 8592+,170,320,4,5,220.284,115.94,1899986538,1946401,9947612,70635744,0.876555,16440695058,498379,0.003,43213581263,17.45,1,0,0,0,7b0102a00000 bind:0 file=/anon_hugepage\040(deleted) huge anon=85 dirty=85 N0=85 kernelpagesize_kB=2048,ERR:PermissionError
B,15,Xeon Platinum 8592+,170,320,4,5,222.967,117.35,1899986404,1910256,8360078,71168517,0.89488,16481976011,497923,0.003,43203005087,17.46,1,0,0,0,7b2747600000 bind:0 file=/anon_hugepage\040(deleted) huge anon=85 dirty=85 N0=85 kernelpagesize_kB=2048,ERR:PermissionError
B,16,Xeon Platinum 8592+,170,320,4,5,220.612,116.11,1899985310,1944866,9719096,70719927,0.879174,16513538233,498118,0.003,43200673305,17.4,1,0,0,0,7179f3600000 bind:0 file=/anon_hugepage\040(deleted) huge anon=85 dirty=85 N0=85 kernelpagesize_kB=2048,ERR:PermissionError
B,17,Xeon Platinum 8592+,170,320,4,5,219.513,115.53,1899984325,1960658,10214748,70560674,0.873541,16495417705,498559,0.003,43213286035,17.45,1,0,0,0,75b80b000000 bind:0 file=/anon_hugepage\040(deleted) huge anon=85 dirty=85 N0=85 kernelpagesize_kB=2048,ERR:PermissionError
B,18,Xeon Platinum 8592+,170,320,4,5,219.711,115.64,1899985080,1947136,10117258,70543136,0.87457,16426026141,498785,0.003,43202034703,17.47,1,0,0,0,72743dc00000 bind:0 file=/anon_hugepage\040(deleted) huge anon=85 dirty=85 N0=85 kernelpagesize_kB=2048,ERR:PermissionError
B,19,Xeon Platinum 8592+,170,320,4,5,219.793,115.68,1899984019,1962765,10151230,70536269,0.874191,16431361152,498430,0.003,43203698728,17.46,1,0,0,0,7a349fa00000 bind:0 file=/anon_hugepage\040(deleted) huge anon=85 dirty=85 N0=85 kernelpagesize_kB=2048,ERR:PermissionError
B,20,Xeon Platinum 8592+,170,320,4,5,221.604,116.63,1899987144,1929983,9116853,70870282,0.886021,16427172631,498761,0.003,43200112906,17.47,1,0,0,0,779cf8000000 bind:0 file=/anon_hugepage\040(deleted) huge anon=85 dirty=85 N0=85 kernelpagesize_kB=2048,ERR:PermissionError
B,21,Xeon Platinum 8592+,170,320,4,5,219.599,115.58,1899982958,1934890,10265351,70509205,0.872914,16445480648,498778,0.003,43201238421,17.48,1,0,0,0,74ade1a00000 bind:0 file=/anon_hugepage\040(deleted) huge anon=85 dirty=85 N0=85 kernelpagesize_kB=2048,ERR:PermissionError
B,22,Xeon Platinum 8592+,170,320,4,5,220.515,116.06,1899986476,1952605,9769071,70644783,0.878515,16405408966,498406,0.003,43202382844,17.43,1,0,0,0,79b611a00000 bind:0 file=/anon_hugepage\040(deleted) huge anon=85 dirty=85 N0=85 kernelpagesize_kB=2048,ERR:PermissionError
B,23,Xeon Platinum 8592+,170,320,4,5,221.788,116.73,1899983950,1856235,9044471,70894477,0.886858,16440133439,498560,0.003,43199949478,17.5,1,0,0,0,7b0c12800000 bind:0 file=/anon_hugepage\040(deleted) huge anon=85 dirty=85 N0=85 kernelpagesize_kB=2048,ERR:PermissionError
B,24,Xeon Platinum 8592+,170,320,4,5,220.062,115.82,1899984452,1917046,9872469,70605269,0.877327,16403409208,498611,0.003,43199215627,17.43,1,0,0,0,752ec1600000 bind:0 file=/anon_hugepage\040(deleted) huge anon=85 dirty=85 N0=85 kernelpagesize_kB=2048,ERR:PermissionError
B,25,Xeon Platinum 8592+,170,320,4,5,220.247,115.92,1899986244,1917811,9990967,70582750,0.876002,16427140556,498185,0.003,43199298309,17.44,1,0,0,0,7dbc23200000 bind:0 file=/anon_hugepage\040(deleted) huge anon=85 dirty=85 N0=85 kernelpagesize_kB=2048,ERR:PermissionError
B,26,Xeon Platinum 8592+,170,320,4,5,220.251,115.92,1899985560,1908629,9804687,70580609,0.878029,16382141022,498435,0.003,43199970366,17.43,1,0,0,0,76b9afe00000 bind:0 file=/anon_hugepage\040(deleted) huge anon=85 dirty=85 N0=85 kernelpagesize_kB=2048,ERR:PermissionError
B,27,Xeon Platinum 8592+,170,320,4,5,221.917,116.8,1899986710,1934633,9132552,70863550,0.885838,16458537387,498936,0.003,43199552661,17.46,1,0,0,0,7ab909c00000 bind:0 file=/anon_hugepage\040(deleted) huge anon=85 dirty=85 N0=85 kernelpagesize_kB=2048,ERR:PermissionError
B,28,Xeon Platinum 8592+,170,320,4,5,221.31,116.48,1899985284,1959477,9385857,70777033,0.882915,16406719013,498299,0.003,43199422502,17.45,1,0,0,0,77ecb7000000 bind:0 file=/anon_hugepage\040(deleted) huge anon=85 dirty=85 N0=85 kernelpagesize_kB=2048,ERR:PermissionError
B,29,Xeon Platinum 8592+,170,320,4,5,221.3,116.47,1899984717,1886548,9344875,70780451,0.883372,16424951951,498090,0.003,43201844906,17.43,1,0,0,0,715022a00000 bind:0 file=/anon_hugepage\040(deleted) huge anon=85 dirty=85 N0=85 kernelpagesize_kB=2048,ERR:PermissionError
C,0,Xeon Platinum 8592+,170,320,4,5,213.823,112.54,1899985052,1953656,12631773,70379803,0.847831,16384368703,412054,0.003,41070214138,16.18,1,0,4,0,70bb0f200000 bind:0 file=/anon_hugepage\040(deleted) huge anon=85 dirty=85 N0=85 kernelpagesize_kB=2048,7b49b1800000 bind:0 file=/anon_hugepage\040(deleted) huge anon=2560 dirty=2560 N0=2560 kernelpagesize_kB=2048
C,1,Xeon Platinum 8592+,170,320,4,5,212.492,111.84,1899986112,1957353,13417549,70111162,0.839366,16345232962,412092,0.003,41082898178,17.97,1,0,4,0,7a0fea800000 bind:0 file=/anon_hugepage\040(deleted) huge anon=85 dirty=85 N0=85 kernelpagesize_kB=2048,7b49b1800000 bind:0 file=/anon_hugepage\040(deleted) huge anon=2560 dirty=2560 N0=2560 kernelpagesize_kB=2048
C,2,Xeon Platinum 8592+,170,320,4,5,212.684,111.94,1899985571,1927529,13223933,70123759,0.84134,16322459675,412132,0.003,41075888088,14.4,1,0,4,0,7dddf4600000 bind:0 file=/anon_hugepage\040(deleted) huge anon=85 dirty=85 N0=85 kernelpagesize_kB=2048,7b49b1800000 bind:0 file=/anon_hugepage\040(deleted) huge anon=2560 dirty=2560 N0=2560 kernelpagesize_kB=2048
C,3,Xeon Platinum 8592+,170,320,4,5,215.14,113.23,1899985853,1881590,11867089,70596892,0.856094,16364225796,412070,0.003,41070550445,14.39,1,0,4,0,7a8fee200000 bind:0 file=/anon_hugepage\040(deleted) huge anon=85 dirty=85 N0=85 kernelpagesize_kB=2048,7b49b1800000 bind:0 file=/anon_hugepage\040(deleted) huge anon=2560 dirty=2560 N0=2560 kernelpagesize_kB=2048
C,4,Xeon Platinum 8592+,170,320,4,5,214.128,112.7,1899985045,1934420,12465760,70415971,0.849596,16334405225,412088,0.003,41070320497,16.18,1,0,4,0,7fe415200000 bind:0 file=/anon_hugepage\040(deleted) huge anon=85 dirty=85 N0=85 kernelpagesize_kB=2048,7b49b1800000 bind:0 file=/anon_hugepage\040(deleted) huge anon=2560 dirty=2560 N0=2560 kernelpagesize_kB=2048
C,5,Xeon Platinum 8592+,170,320,4,5,212.741,111.97,1899986286,1886264,13194734,70127436,0.841642,16349172768,412055,0.003,41072020715,14.39,1,0,4,0,74a784600000 bind:0 file=/anon_hugepage\040(deleted) huge anon=85 dirty=85 N0=85 kernelpagesize_kB=2048,7b49b1800000 bind:0 file=/anon_hugepage\040(deleted) huge anon=2560 dirty=2560 N0=2560 kernelpagesize_kB=2048
C,6,Xeon Platinum 8592+,170,320,4,5,213.561,112.4,1899988456,1938000,12816219,70343456,0.845884,16430134464,412097,0.003,41069776473,14.39,1,0,4,0,79ef48200000 bind:0 file=/anon_hugepage\040(deleted) huge anon=85 dirty=85 N0=85 kernelpagesize_kB=2048,7b49b1800000 bind:0 file=/anon_hugepage\040(deleted) huge anon=2560 dirty=2560 N0=2560 kernelpagesize_kB=2048
C,7,Xeon Platinum 8592+,170,320,4,5,215.715,113.54,1899986516,1909964,11457033,70746230,0.860626,16350451978,412062,0.003,41071758106,14.39,1,0,4,0,724da5e00000 bind:0 file=/anon_hugepage\040(deleted) huge anon=85 dirty=85 N0=85 kernelpagesize_kB=2048,7b49b1800000 bind:0 file=/anon_hugepage\040(deleted) huge anon=2560 dirty=2560 N0=2560 kernelpagesize_kB=2048
C,8,Xeon Platinum 8592+,170,320,4,5,217.57,114.51,1899985149,1895170,10590131,71074578,0.870322,16400067625,412113,0.003,41071379222,14.39,1,0,4,0,7dce10e00000 bind:0 file=/anon_hugepage\040(deleted) huge anon=85 dirty=85 N0=85 kernelpagesize_kB=2048,7b49b1800000 bind:0 file=/anon_hugepage\040(deleted) huge anon=2560 dirty=2560 N0=2560 kernelpagesize_kB=2048
C,9,Xeon Platinum 8592+,170,320,4,5,211.484,111.31,1899983725,1935612,13862122,69926037,0.834558,16336549648,412128,0.003,41070116864,14.39,1,0,4,0,77d11ae00000 bind:0 file=/anon_hugepage\040(deleted) huge anon=85 dirty=85 N0=85 kernelpagesize_kB=2048,7b49b1800000 bind:0 file=/anon_hugepage\040(deleted) huge anon=2560 dirty=2560 N0=2560 kernelpagesize_kB=2048
C,10,Xeon Platinum 8592+,170,320,4,5,212.461,111.82,1899983778,1904749,13343378,70133953,0.840156,16393068533,412134,0.003,41077311670,14.39,1,0,4,0,735a4b000000 bind:0 file=/anon_hugepage\040(deleted) huge anon=85 dirty=85 N0=85 kernelpagesize_kB=2048,7b49b1800000 bind:0 file=/anon_hugepage\040(deleted) huge anon=2560 dirty=2560 N0=2560 kernelpagesize_kB=2048
C,11,Xeon Platinum 8592+,170,320,4,5,213.774,112.51,1899986235,1953620,12591165,70426660,0.848332,16425550284,412158,0.003,41071713646,14.4,1,0,4,0,7f8ad6200000 bind:0 file=/anon_hugepage\040(deleted) huge anon=85 dirty=85 N0=85 kernelpagesize_kB=2048,7b49b1800000 bind:0 file=/anon_hugepage\040(deleted) huge anon=2560 dirty=2560 N0=2560 kernelpagesize_kB=2048
C,12,Xeon Platinum 8592+,170,320,4,5,213.956,112.61,1899986003,1952586,12537555,70453682,0.848929,16423126038,412103,0.003,41072891811,14.39,1,0,4,0,764d68e00000 bind:0 file=/anon_hugepage\040(deleted) huge anon=85 dirty=85 N0=85 kernelpagesize_kB=2048,7b49b1800000 bind:0 file=/anon_hugepage\040(deleted) huge anon=2560 dirty=2560 N0=2560 kernelpagesize_kB=2048
C,13,Xeon Platinum 8592+,170,320,4,5,214.475,112.88,1899985106,1886268,12184716,70541526,0.85271,16417155740,412148,0.003,41071651327,14.39,1,0,4,0,7513ccc00000 bind:0 file=/anon_hugepage\040(deleted) huge anon=85 dirty=85 N0=85 kernelpagesize_kB=2048,7b49b1800000 bind:0 file=/anon_hugepage\040(deleted) huge anon=2560 dirty=2560 N0=2560 kernelpagesize_kB=2048
C,14,Xeon Platinum 8592+,170,320,4,5,213.042,112.13,1899987135,1911132,12947574,70271239,0.844415,16401504370,412118,0.003,41071633060,16.18,1,0,4,0,72bf7fa00000 bind:0 file=/anon_hugepage\040(deleted) huge anon=85 dirty=85 N0=85 kernelpagesize_kB=2048,7b49b1800000 bind:0 file=/anon_hugepage\040(deleted) huge anon=2560 dirty=2560 N0=2560 kernelpagesize_kB=2048
C,15,Xeon Platinum 8592+,170,320,4,5,212.192,111.68,1899987474,1908501,13508133,70093351,0.838422,16404342187,412070,0.003,41070992712,14.39,1,0,4,0,7cefe2a00000 bind:0 file=/anon_hugepage\040(deleted) huge anon=85 dirty=85 N0=85 kernelpagesize_kB=2048,7b49b1800000 bind:0 file=/anon_hugepage\040(deleted) huge anon=2560 dirty=2560 N0=2560 kernelpagesize_kB=2048
C,16,Xeon Platinum 8592+,170,320,4,5,216.832,114.12,1899984563,1930268,10932850,70966950,0.866509,16433845983,412251,0.003,41087194633,14.39,1,0,4,0,7de69e000000 bind:0 file=/anon_hugepage\040(deleted) huge anon=85 dirty=85 N0=85 kernelpagesize_kB=2048,7b49b1800000 bind:0 file=/anon_hugepage\040(deleted) huge anon=2560 dirty=2560 N0=2560 kernelpagesize_kB=2048
C,17,Xeon Platinum 8592+,170,320,4,5,214.469,112.88,1899984966,1913414,12224363,70522621,0.852268,16414878277,412093,0.003,41076120515,14.39,1,0,4,0,7ce70f000000 bind:0 file=/anon_hugepage\040(deleted) huge anon=85 dirty=85 N0=85 kernelpagesize_kB=2048,7b49b1800000 bind:0 file=/anon_hugepage\040(deleted) huge anon=2560 dirty=2560 N0=2560 kernelpagesize_kB=2048
C,18,Xeon Platinum 8592+,170,320,4,5,212.317,111.75,1899984931,1956292,13442962,70100931,0.839091,16391584845,412107,0.003,41069271429,14.39,1,0,4,0,7cb471600000 bind:0 file=/anon_hugepage\040(deleted) huge anon=85 dirty=85 N0=85 kernelpagesize_kB=2048,7b49b1800000 bind:0 file=/anon_hugepage\040(deleted) huge anon=2560 dirty=2560 N0=2560 kernelpagesize_kB=2048
C,19,Xeon Platinum 8592+,170,320,4,5,213.365,112.3,1899985890,1930144,12787082,70307910,0.846115,16376011996,412135,0.003,41069674147,14.4,1,0,4,0,788d1b800000 bind:0 file=/anon_hugepage\040(deleted) huge anon=85 dirty=85 N0=85 kernelpagesize_kB=2048,7b49b1800000 bind:0 file=/anon_hugepage\040(deleted) huge anon=2560 dirty=2560 N0=2560 kernelpagesize_kB=2048
C,20,Xeon Platinum 8592+,170,320,4,5,212.909,112.06,1899986085,1944706,13098870,70220851,0.842788,16383245931,412135,0.003,41067646904,14.39,1,0,4,0,78cc66200000 bind:0 file=/anon_hugepage\040(deleted) huge anon=85 dirty=85 N0=85 kernelpagesize_kB=2048,7b49b1800000 bind:0 file=/anon_hugepage\040(deleted) huge anon=2560 dirty=2560 N0=2560 kernelpagesize_kB=2048
C,21,Xeon Platinum 8592+,170,320,4,5,213.02,112.12,1899984599,1976995,13092433,70239714,0.842889,16388844978,412233,0.003,41080801719,14.4,1,0,4,0,79efffa00000 bind:0 file=/anon_hugepage\040(deleted) huge anon=85 dirty=85 N0=85 kernelpagesize_kB=2048,7b49b1800000 bind:0 file=/anon_hugepage\040(deleted) huge anon=2560 dirty=2560 N0=2560 kernelpagesize_kB=2048
C,22,Xeon Platinum 8592+,170,320,4,5,213.108,112.16,1899985399,1927725,13046800,70266060,0.8434,16423002656,412198,0.003,41085826783,14.39,1,0,4,0,74aea9200000 bind:0 file=/anon_hugepage\040(deleted) huge anon=85 dirty=85 N0=85 kernelpagesize_kB=2048,7b49b1800000 bind:0 file=/anon_hugepage\040(deleted) huge anon=2560 dirty=2560 N0=2560 kernelpagesize_kB=2048
C,23,Xeon Platinum 8592+,170,320,4,5,213.848,112.55,1899986298,1915144,12439831,70414518,0.849859,16348928516,412098,0.003,41071881088,14.39,1,0,4,0,7956bda00000 bind:0 file=/anon_hugepage\040(deleted) huge anon=85 dirty=85 N0=85 kernelpagesize_kB=2048,7b49b1800000 bind:0 file=/anon_hugepage\040(deleted) huge anon=2560 dirty=2560 N0=2560 kernelpagesize_kB=2048
C,24,Xeon Platinum 8592+,170,320,4,5,215.135,113.23,1899980316,1916154,11793868,70620908,0.856896,16341354169,412238,0.003,41089152222,14.39,1,0,4,0,7ef28ce00000 bind:0 file=/anon_hugepage\040(deleted) huge anon=85 dirty=85 N0=85 kernelpagesize_kB=2048,7b49b1800000 bind:0 file=/anon_hugepage\040(deleted) huge anon=2560 dirty=2560 N0=2560 kernelpagesize_kB=2048
C,25,Xeon Platinum 8592+,170,320,4,5,213.324,112.28,1899986590,1936008,12869264,70277095,0.845222,16377087899,412132,0.003,41077641002,14.39,1,0,4,0,711a23000000 bind:0 file=/anon_hugepage\040(deleted) huge anon=85 dirty=85 N0=85 kernelpagesize_kB=2048,7b49b1800000 bind:0 file=/anon_hugepage\040(deleted) huge anon=2560 dirty=2560 N0=2560 kernelpagesize_kB=2048
C,26,Xeon Platinum 8592+,170,320,4,5,211.955,111.56,1899985448,1897662,13764548,69937858,0.835554,16334876061,412210,0.003,41083626354,16.18,1,0,4,0,7b7ba9200000 bind:0 file=/anon_hugepage\040(deleted) huge anon=85 dirty=85 N0=85 kernelpagesize_kB=2048,7b49b1800000 bind:0 file=/anon_hugepage\040(deleted) huge anon=2560 dirty=2560 N0=2560 kernelpagesize_kB=2048
C,27,Xeon Platinum 8592+,170,320,4,5,212.286,111.73,1899986571,1956853,13536749,70065086,0.838081,16390863832,412079,0.003,41068299105,14.39,1,0,4,0,76f184400000 bind:0 file=/anon_hugepage\040(deleted) huge anon=85 dirty=85 N0=85 kernelpagesize_kB=2048,7b49b1800000 bind:0 file=/anon_hugepage\040(deleted) huge anon=2560 dirty=2560 N0=2560 kernelpagesize_kB=2048
C,28,Xeon Platinum 8592+,170,320,4,5,213.34,112.28,1899987335,1951229,12957229,70237898,0.844255,16395822740,412113,0.003,41069594130,14.39,1,0,4,0,73909ae00000 bind:0 file=/anon_hugepage\040(deleted) huge anon=85 dirty=85 N0=85 kernelpagesize_kB=2048,7b49b1800000 bind:0 file=/anon_hugepage\040(deleted) huge anon=2560 dirty=2560 N0=2560 kernelpagesize_kB=2048
C,29,Xeon Platinum 8592+,170,320,4,5,213.351,112.29,1899985302,1920557,12938903,70299823,0.844557,16445184071,412257,0.003,41086221062,14.39,1,0,4,0,7f510c400000 bind:0 file=/anon_hugepage\040(deleted) huge anon=85 dirty=85 N0=85 kernelpagesize_kB=2048,7b49b1800000 bind:0 file=/anon_hugepage\040(deleted) huge anon=2560 dirty=2560 N0=2560 kernelpagesize_kB=2048
Q,0,Xeon Platinum 8592+,170,320,0,0,84.732,44.6,1899985295,1682209,211400605,783350,0.003692,13029580641,869,0.0,54854720,0,1,0,0,0,7b90cf400000 bind:0 file=/anon_hugepage\040(deleted) huge anon=85 dirty=85 N0=85 kernelpagesize_kB=2048,
Q,1,Xeon Platinum 8592+,170,320,0,0,81.738,43.02,1899982841,1676415,213780347,48826,0.000228,13011954924,813,0.0,23561931,0,1,0,0,0,7c6cea800000 bind:0 file=/anon_hugepage\040(deleted) huge anon=85 dirty=85 N0=85 kernelpagesize_kB=2048,
Q,2,Xeon Platinum 8592+,170,320,0,0,81.846,43.08,1899980250,1685604,213564097,53421,0.00025,12998861013,816,0.0,25165855,0,1,0,0,0,7aa777600000 bind:0 file=/anon_hugepage\040(deleted) huge anon=85 dirty=85 N0=85 kernelpagesize_kB=2048,
Q,3,Xeon Platinum 8592+,170,320,0,0,81.816,43.06,1899983449,1689631,213626366,51026,0.000239,12987068614,809,0.0,23680371,0,1,0,0,0,72c0cfc00000 bind:0 file=/anon_hugepage\040(deleted) huge anon=85 dirty=85 N0=85 kernelpagesize_kB=2048,
Q,4,Xeon Platinum 8592+,170,320,0,0,81.759,43.03,1899985454,1694494,213747485,44478,0.000208,13014112170,803,0.0,20576989,0,1,0,0,0,71c60aa00000 bind:0 file=/anon_hugepage\040(deleted) huge anon=85 dirty=85 N0=85 kernelpagesize_kB=2048,
Q,5,Xeon Platinum 8592+,170,320,0,0,81.833,43.07,1899984453,1677117,213425995,52681,0.000247,12961917339,806,0.0,22180354,0,1,0,0,0,7ee99dc00000 bind:0 file=/anon_hugepage\040(deleted) huge anon=85 dirty=85 N0=85 kernelpagesize_kB=2048,
Q,6,Xeon Platinum 8592+,170,320,0,0,81.818,43.06,1899982503,1697558,213524959,46785,0.000219,12986796827,801,0.0,20274938,0,1,0,0,0,79ff01600000 bind:0 file=/anon_hugepage\040(deleted) huge anon=85 dirty=85 N0=85 kernelpagesize_kB=2048,
Q,7,Xeon Platinum 8592+,170,320,0,0,81.697,43.0,1899981270,1687507,213832946,53579,0.000251,13026973156,805,0.0,21333408,0,1,0,0,0,781820c00000 bind:0 file=/anon_hugepage\040(deleted) huge anon=85 dirty=85 N0=85 kernelpagesize_kB=2048,
Q,8,Xeon Platinum 8592+,170,320,0,0,81.778,43.04,1899983942,1694939,213628459,49753,0.000233,12999158321,810,0.0,22611781,0,1,0,0,0,7c8eb4c00000 bind:0 file=/anon_hugepage\040(deleted) huge anon=85 dirty=85 N0=85 kernelpagesize_kB=2048,
Q,9,Xeon Platinum 8592+,170,320,0,0,81.73,43.02,1899983795,1701410,213807439,58239,0.000272,13034006884,800,0.0,19924323,0,1,0,0,0,7953bc200000 bind:0 file=/anon_hugepage\040(deleted) huge anon=85 dirty=85 N0=85 kernelpagesize_kB=2048,
Q,10,Xeon Platinum 8592+,170,320,0,0,81.759,43.03,1899982275,1703681,213701048,46059,0.000215,12998550283,801,0.0,20114573,0,1,0,0,0,73c55e400000 bind:0 file=/anon_hugepage\040(deleted) huge anon=85 dirty=85 N0=85 kernelpagesize_kB=2048,
Q,11,Xeon Platinum 8592+,170,320,0,0,81.782,43.04,1899982608,1704317,213556346,51640,0.000242,12974740812,804,0.0,21163725,0,1,0,0,0,74c269200000 bind:0 file=/anon_hugepage\040(deleted) huge anon=85 dirty=85 N0=85 kernelpagesize_kB=2048,
Q,12,Xeon Platinum 8592+,170,320,0,0,81.735,43.02,1899984536,1694687,213910165,45811,0.000214,13014935979,808,0.0,22067668,0,1,0,0,0,79a170400000 bind:0 file=/anon_hugepage\040(deleted) huge anon=85 dirty=85 N0=85 kernelpagesize_kB=2048,
Q,13,Xeon Platinum 8592+,170,320,0,0,81.675,42.99,1899982869,1669035,213877583,45568,0.000213,13006464309,798,0.0,19112733,0,1,0,0,0,79d3c8a00000 bind:0 file=/anon_hugepage\040(deleted) huge anon=85 dirty=85 N0=85 kernelpagesize_kB=2048,
Q,14,Xeon Platinum 8592+,170,320,0,0,81.674,42.99,1899982194,1689483,213916575,46755,0.000219,13031331250,799,0.0,19602594,0,1,0,0,0,78e3dc400000 bind:0 file=/anon_hugepage\040(deleted) huge anon=85 dirty=85 N0=85 kernelpagesize_kB=2048,
Q,15,Xeon Platinum 8592+,170,320,0,0,81.662,42.98,1899982319,1684178,213950358,47714,0.000223,13018571797,800,0.0,19710030,0,1,0,0,0,75c195200000 bind:0 file=/anon_hugepage\040(deleted) huge anon=85 dirty=85 N0=85 kernelpagesize_kB=2048,
Q,16,Xeon Platinum 8592+,170,320,0,0,81.658,42.98,1899982823,1680104,214127481,58254,0.000272,13073408001,836,0.0,31547833,0,1,0,0,0,73bd6ea00000 bind:0 file=/anon_hugepage\040(deleted) huge anon=85 dirty=85 N0=85 kernelpagesize_kB=2048,
Q,17,Xeon Platinum 8592+,170,320,0,0,81.632,42.96,1899983654,1668757,213937574,39241,0.000183,12968357370,811,0.0,23062512,0,1,0,0,0,73a62be00000 bind:0 file=/anon_hugepage\040(deleted) huge anon=85 dirty=85 N0=85 kernelpagesize_kB=2048,
Q,18,Xeon Platinum 8592+,170,320,0,0,81.646,42.97,1899985696,1689368,213864762,45338,0.000212,12966467559,810,0.0,22969298,0,1,0,0,0,7bd3d1200000 bind:0 file=/anon_hugepage\040(deleted) huge anon=85 dirty=85 N0=85 kernelpagesize_kB=2048,
Q,19,Xeon Platinum 8592+,170,320,0,0,81.642,42.97,1899979192,1698981,213878510,49903,0.000233,12993844043,836,0.0,30416428,0,1,0,0,0,7d58a9c00000 bind:0 file=/anon_hugepage\040(deleted) huge anon=85 dirty=85 N0=85 kernelpagesize_kB=2048,
Q,20,Xeon Platinum 8592+,170,320,0,0,81.748,43.03,1899980331,1681701,213438025,67794,0.000318,12973566629,835,0.0,31133920,0,1,0,0,0,7bf49ba00000 bind:0 file=/anon_hugepage\040(deleted) huge anon=85 dirty=85 N0=85 kernelpagesize_kB=2048,
Q,21,Xeon Platinum 8592+,170,320,0,0,81.691,43.0,1899983354,1678419,213790252,42364,0.000198,12967415650,801,0.0,19918607,0,1,0,0,0,75646e200000 bind:0 file=/anon_hugepage\040(deleted) huge anon=85 dirty=85 N0=85 kernelpagesize_kB=2048,
Q,22,Xeon Platinum 8592+,170,320,0,0,81.666,42.98,1899982107,1695164,213837864,43723,0.000204,12979650319,798,0.0,19011302,0,1,0,0,0,7aab5a000000 bind:0 file=/anon_hugepage\040(deleted) huge anon=85 dirty=85 N0=85 kernelpagesize_kB=2048,
Q,23,Xeon Platinum 8592+,170,320,0,0,81.673,42.99,1899982215,1688432,213840879,40916,0.000191,12963842564,800,0.0,19836505,0,1,0,0,0,786858000000 bind:0 file=/anon_hugepage\040(deleted) huge anon=85 dirty=85 N0=85 kernelpagesize_kB=2048,
Q,24,Xeon Platinum 8592+,170,320,0,0,81.634,42.97,1899980689,1695380,214034498,32067,0.00015,12978090816,797,0.0,18279123,0,1,0,0,0,7da552a00000 bind:0 file=/anon_hugepage\040(deleted) huge anon=85 dirty=85 N0=85 kernelpagesize_kB=2048,
Q,25,Xeon Platinum 8592+,170,320,0,0,81.626,42.96,1899981989,1700016,213946709,44679,0.000209,12963999658,807,0.0,21626621,0,1,0,0,0,75287ec00000 bind:0 file=/anon_hugepage\040(deleted) huge anon=85 dirty=85 N0=85 kernelpagesize_kB=2048,
Q,26,Xeon Platinum 8592+,170,320,0,0,81.618,42.96,1899983440,1685518,213999423,46565,0.000218,13009737343,822,0.0,26713999,0,1,0,0,0,7f6959800000 bind:0 file=/anon_hugepage\040(deleted) huge anon=85 dirty=85 N0=85 kernelpagesize_kB=2048,
Q,27,Xeon Platinum 8592+,170,320,0,0,81.628,42.96,1899983657,1689793,213926964,51749,0.000242,13009634264,806,0.0,21370966,0,1,0,0,0,799d1e200000 bind:0 file=/anon_hugepage\040(deleted) huge anon=85 dirty=85 N0=85 kernelpagesize_kB=2048,
Q,28,Xeon Platinum 8592+,170,320,0,0,81.661,42.98,1899982375,1677607,213806421,57089,0.000267,12981948357,828,0.0,29208223,0,1,0,0,0,74e58be00000 bind:0 file=/anon_hugepage\040(deleted) huge anon=85 dirty=85 N0=85 kernelpagesize_kB=2048,
Q,29,Xeon Platinum 8592+,170,320,0,0,81.639,42.97,1899982719,1665888,213879231,39907,0.000187,12982947319,799,0.0,19248460,0,1,0,0,0,70a260c00000 bind:0 file=/anon_hugepage\040(deleted) huge anon=85 dirty=85 N0=85 kernelpagesize_kB=2048,
D,0,Xeon Platinum 8592+,170,320,4,5,212.583,111.89,1899985399,1903323,13299986,70087616,0.840504,16338075941,422644,0.003,40794570145,14.77,1,0,4,0,72167e000000 bind:0 file=/anon_hugepage\040(deleted) huge anon=85 dirty=85 N0=85 kernelpagesize_kB=2048,737141c00000 bind:0 file=/anon_hugepage\040(deleted) huge anon=2560 dirty=2560 N0=2560 kernelpagesize_kB=2048
D,1,Xeon Platinum 8592+,170,320,4,5,213.084,112.15,1899986532,1955579,12976774,70267622,0.844112,16431613013,422818,0.003,40808917923,14.77,1,0,4,0,7d7ac6600000 bind:0 file=/anon_hugepage\040(deleted) huge anon=85 dirty=85 N0=85 kernelpagesize_kB=2048,737141c00000 bind:0 file=/anon_hugepage\040(deleted) huge anon=2560 dirty=2560 N0=2560 kernelpagesize_kB=2048
D,2,Xeon Platinum 8592+,170,320,4,5,213.906,112.58,1899986808,1957596,12586819,70374965,0.848282,16375457460,422883,0.003,40809048441,14.77,1,0,4,0,7673a6800000 bind:0 file=/anon_hugepage\040(deleted) huge anon=85 dirty=85 N0=85 kernelpagesize_kB=2048,737141c00000 bind:0 file=/anon_hugepage\040(deleted) huge anon=2560 dirty=2560 N0=2560 kernelpagesize_kB=2048
D,3,Xeon Platinum 8592+,170,320,4,5,214.341,112.81,1899985488,1932433,12317016,70493114,0.851262,16422255637,422870,0.003,40808705087,14.77,1,0,4,0,79ae56800000 bind:0 file=/anon_hugepage\040(deleted) huge anon=85 dirty=85 N0=85 kernelpagesize_kB=2048,737141c00000 bind:0 file=/anon_hugepage\040(deleted) huge anon=2560 dirty=2560 N0=2560 kernelpagesize_kB=2048
D,4,Xeon Platinum 8592+,170,320,4,5,212.704,111.95,1899984847,1925400,13085769,70180855,0.842845,16350224330,422765,0.003,40807102171,14.78,1,0,4,0,70f81dc00000 bind:0 file=/anon_hugepage\040(deleted) huge anon=85 dirty=85 N0=85 kernelpagesize_kB=2048,737141c00000 bind:0 file=/anon_hugepage\040(deleted) huge anon=2560 dirty=2560 N0=2560 kernelpagesize_kB=2048
D,5,Xeon Platinum 8592+,170,320,4,5,211.689,111.42,1899988183,1938026,13753669,69933634,0.835654,16293042262,422739,0.003,40807091264,14.78,1,0,4,0,707c33400000 bind:0 file=/anon_hugepage\040(deleted) huge anon=85 dirty=85 N0=85 kernelpagesize_kB=2048,737141c00000 bind:0 file=/anon_hugepage\040(deleted) huge anon=2560 dirty=2560 N0=2560 kernelpagesize_kB=2048
D,6,Xeon Platinum 8592+,170,320,4,5,214.588,112.94,1899986667,1942561,12230321,70520127,0.852202,16366020630,422771,0.003,40804284115,14.78,1,0,4,0,73b723e00000 bind:0 file=/anon_hugepage\040(deleted) huge anon=85 dirty=85 N0=85 kernelpagesize_kB=2048,737141c00000 bind:0 file=/anon_hugepage\040(deleted) huge anon=2560 dirty=2560 N0=2560 kernelpagesize_kB=2048
D,7,Xeon Platinum 8592+,170,320,4,5,216.351,113.87,1899986767,1955471,11258305,70873322,0.862924,16444748854,422801,0.003,40809436592,14.78,1,0,4,0,7a6111800000 bind:0 file=/anon_hugepage\040(deleted) huge anon=85 dirty=85 N0=85 kernelpagesize_kB=2048,737141c00000 bind:0 file=/anon_hugepage\040(deleted) huge anon=2560 dirty=2560 N0=2560 kernelpagesize_kB=2048
D,8,Xeon Platinum 8592+,170,320,4,5,215.205,113.27,1899986946,1962544,11733565,70714931,0.857686,16454541618,422809,0.003,40812339500,14.79,1,0,4,0,757771200000 bind:0 file=/anon_hugepage\040(deleted) huge anon=85 dirty=85 N0=85 kernelpagesize_kB=2048,737141c00000 bind:0 file=/anon_hugepage\040(deleted) huge anon=2560 dirty=2560 N0=2560 kernelpagesize_kB=2048
D,9,Xeon Platinum 8592+,170,320,4,5,215.85,113.61,1899986664,1936006,11336402,70793684,0.86197,16369772756,422815,0.003,40813187617,14.78,1,0,4,0,79a712600000 bind:0 file=/anon_hugepage\040(deleted) huge anon=85 dirty=85 N0=85 kernelpagesize_kB=2048,737141c00000 bind:0 file=/anon_hugepage\040(deleted) huge anon=2560 dirty=2560 N0=2560 kernelpagesize_kB=2048
D,10,Xeon Platinum 8592+,170,320,4,5,212.845,112.02,1899986132,1926917,12964856,70254057,0.844208,16348649262,423010,0.003,40823361519,14.78,1,0,4,0,716bcaa00000 bind:0 file=/anon_hugepage\040(deleted) huge anon=85 dirty=85 N0=85 kernelpagesize_kB=2048,737141c00000 bind:0 file=/anon_hugepage\040(deleted) huge anon=2560 dirty=2560 N0=2560 kernelpagesize_kB=2048
D,11,Xeon Platinum 8592+,170,320,4,5,215.589,113.47,1899978367,1971032,11606617,70762144,0.85909,16431851066,422862,0.003,40814179982,14.78,1,0,4,0,7278c9000000 bind:0 file=/anon_hugepage\040(deleted) huge anon=85 dirty=85 N0=85 kernelpagesize_kB=2048,737141c00000 bind:0 file=/anon_hugepage\040(deleted) huge anon=2560 dirty=2560 N0=2560 kernelpagesize_kB=2048
D,12,Xeon Platinum 8592+,170,320,4,5,215.657,113.5,1899985872,1883616,11484787,70772519,0.86038,16408423524,422874,0.003,40809439685,14.78,1,0,4,0,7fe15b200000 bind:0 file=/anon_hugepage\040(deleted) huge anon=85 dirty=85 N0=85 kernelpagesize_kB=2048,737141c00000 bind:0 file=/anon_hugepage\040(deleted) huge anon=2560 dirty=2560 N0=2560 kernelpagesize_kB=2048
D,13,Xeon Platinum 8592+,170,320,4,5,212.779,111.99,1899984499,1962600,13613422,70133571,0.837446,16435615676,423123,0.003,40821876720,14.78,1,0,4,0,743ab9a00000 bind:0 file=/anon_hugepage\040(deleted) huge anon=85 dirty=85 N0=85 kernelpagesize_kB=2048,737141c00000 bind:0 file=/anon_hugepage\040(deleted) huge anon=2560 dirty=2560 N0=2560 kernelpagesize_kB=2048
D,14,Xeon Platinum 8592+,170,320,4,5,215.434,113.39,1899986149,1930686,11757550,70690152,0.857394,16443896164,422872,0.003,40810664497,14.79,1,0,4,0,7ee41e400000 bind:0 file=/anon_hugepage\040(deleted) huge anon=85 dirty=85 N0=85 kernelpagesize_kB=2048,737141c00000 bind:0 file=/anon_hugepage\040(deleted) huge anon=2560 dirty=2560 N0=2560 kernelpagesize_kB=2048
D,15,Xeon Platinum 8592+,170,320,4,5,211.787,111.47,1899987389,1907713,13569780,70045158,0.837711,16362667627,423010,0.003,40823795032,14.78,1,0,4,0,7a5675400000 bind:0 file=/anon_hugepage\040(deleted) huge anon=85 dirty=85 N0=85 kernelpagesize_kB=2048,737141c00000 bind:0 file=/anon_hugepage\040(deleted) huge anon=2560 dirty=2560 N0=2560 kernelpagesize_kB=2048
D,16,Xeon Platinum 8592+,170,320,4,5,212.702,111.95,1899985949,1878789,13088911,70238549,0.842922,16403159514,422901,0.003,40810836994,14.79,1,0,4,0,740ceb600000 bind:0 file=/anon_hugepage\040(deleted) huge anon=85 dirty=85 N0=85 kernelpagesize_kB=2048,737141c00000 bind:0 file=/anon_hugepage\040(deleted) huge anon=2560 dirty=2560 N0=2560 kernelpagesize_kB=2048
D,17,Xeon Platinum 8592+,170,320,4,5,215.049,113.18,1899985750,1903697,11721451,70664921,0.857726,16375078309,422875,0.003,40809134652,14.79,1,0,4,0,7a7be1800000 bind:0 file=/anon_hugepage\040(deleted) huge anon=85 dirty=85 N0=85 kernelpagesize_kB=2048,737141c00000 bind:0 file=/anon_hugepage\040(deleted) huge anon=2560 dirty=2560 N0=2560 kernelpagesize_kB=2048
D,18,Xeon Platinum 8592+,170,320,4,5,216.156,113.77,1899985285,1938537,11246347,70852558,0.863015,16400481096,422929,0.003,40808157797,14.78,1,0,4,0,7d0ad9000000 bind:0 file=/anon_hugepage\040(deleted) huge anon=85 dirty=85 N0=85 kernelpagesize_kB=2048,737141c00000 bind:0 file=/anon_hugepage\040(deleted) huge anon=2560 dirty=2560 N0=2560 kernelpagesize_kB=2048
D,19,Xeon Platinum 8592+,170,320,4,5,213.76,112.51,1899979712,1968733,12573936,70415258,0.848487,16397943174,422875,0.003,40808961764,14.79,1,0,4,0,7c31f0200000 bind:0 file=/anon_hugepage\040(deleted) huge anon=85 dirty=85 N0=85 kernelpagesize_kB=2048,737141c00000 bind:0 file=/anon_hugepage\040(deleted) huge anon=2560 dirty=2560 N0=2560 kernelpagesize_kB=2048
D,20,Xeon Platinum 8592+,170,320,4,5,213.114,112.17,1899986627,1965100,12960756,70293951,0.844324,16395285078,422885,0.003,40809684029,14.78,1,0,4,0,7a2312600000 bind:0 file=/anon_hugepage\040(deleted) huge anon=85 dirty=85 N0=85 kernelpagesize_kB=2048,737141c00000 bind:0 file=/anon_hugepage\040(deleted) huge anon=2560 dirty=2560 N0=2560 kernelpagesize_kB=2048
D,21,Xeon Platinum 8592+,170,320,4,5,214.478,112.88,1899987149,1897002,12121876,70543079,0.853361,16379405890,423044,0.003,40821939758,14.78,1,0,4,0,78fdd6000000 bind:0 file=/anon_hugepage\040(deleted) huge anon=85 dirty=85 N0=85 kernelpagesize_kB=2048,737141c00000 bind:0 file=/anon_hugepage\040(deleted) huge anon=2560 dirty=2560 N0=2560 kernelpagesize_kB=2048
D,22,Xeon Platinum 8592+,170,320,4,5,213.336,112.28,1899985414,1956679,12819069,70316076,0.845804,16397363673,422901,0.003,40807321032,14.79,1,0,4,0,7e530fa00000 bind:0 file=/anon_hugepage\040(deleted) huge anon=85 dirty=85 N0=85 kernelpagesize_kB=2048,737141c00000 bind:0 file=/anon_hugepage\040(deleted) huge anon=2560 dirty=2560 N0=2560 kernelpagesize_kB=2048
D,23,Xeon Platinum 8592+,170,320,4,5,213.608,112.43,1899984642,1914413,12649265,70366196,0.847628,16386425581,422871,0.003,40806507186,14.78,1,0,4,0,769837400000 bind:0 file=/anon_hugepage\040(deleted) huge anon=85 dirty=85 N0=85 kernelpagesize_kB=2048,737141c00000 bind:0 file=/anon_hugepage\040(deleted) huge anon=2560 dirty=2560 N0=2560 kernelpagesize_kB=2048
D,24,Xeon Platinum 8592+,170,320,4,5,214.389,112.84,1899986516,1900868,12210115,70515188,0.852402,16352546532,422899,0.003,40810028229,14.78,1,0,4,0,7af891400000 bind:0 file=/anon_hugepage\040(deleted) huge anon=85 dirty=85 N0=85 kernelpagesize_kB=2048,737141c00000 bind:0 file=/anon_hugepage\040(deleted) huge anon=2560 dirty=2560 N0=2560 kernelpagesize_kB=2048
D,25,Xeon Platinum 8592+,170,320,4,5,215.25,113.29,1899985005,1952009,11803468,70607332,0.856773,16352741288,422880,0.003,40810814655,14.78,1,0,4,0,7cca4e800000 bind:0 file=/anon_hugepage\040(deleted) huge anon=85 dirty=85 N0=85 kernelpagesize_kB=2048,737141c00000 bind:0 file=/anon_hugepage\040(deleted) huge anon=2560 dirty=2560 N0=2560 kernelpagesize_kB=2048
D,26,Xeon Platinum 8592+,170,320,4,5,213.029,112.12,1899986803,1962336,13079105,70202068,0.842952,16350640755,423038,0.003,40820884198,14.79,1,0,4,0,74a5de200000 bind:0 file=/anon_hugepage\040(deleted) huge anon=85 dirty=85 N0=85 kernelpagesize_kB=2048,737141c00000 bind:0 file=/anon_hugepage\040(deleted) huge anon=2560 dirty=2560 N0=2560 kernelpagesize_kB=2048
D,27,Xeon Platinum 8592+,170,320,4,5,213.618,112.43,1899984005,1952358,12687074,70337664,0.847189,16334162947,422879,0.003,40807965304,14.78,1,0,4,0,7211ff400000 bind:0 file=/anon_hugepage\040(deleted) huge anon=85 dirty=85 N0=85 kernelpagesize_kB=2048,737141c00000 bind:0 file=/anon_hugepage\040(deleted) huge anon=2560 dirty=2560 N0=2560 kernelpagesize_kB=2048
D,28,Xeon Platinum 8592+,170,320,4,5,214.313,112.8,1899985885,1963286,12410333,70436009,0.850201,16369777951,423021,0.003,40820606741,14.78,1,0,4,0,77c8a1000000 bind:0 file=/anon_hugepage\040(deleted) huge anon=85 dirty=85 N0=85 kernelpagesize_kB=2048,737141c00000 bind:0 file=/anon_hugepage\040(deleted) huge anon=2560 dirty=2560 N0=2560 kernelpagesize_kB=2048
D,29,Xeon Platinum 8592+,170,320,4,5,214.605,112.95,1899985409,1891068,12130320,70499633,0.853197,16337298793,422890,0.003,40810428582,14.78,1,0,4,0,76e5a0400000 bind:0 file=/anon_hugepage\040(deleted) huge anon=85 dirty=85 N0=85 kernelpagesize_kB=2048,737141c00000 bind:0 file=/anon_hugepage\040(deleted) huge anon=2560 dirty=2560 N0=2560 kernelpagesize_kB=2048
A,0,Xeon Platinum 8592+,170,320,4,5,224.448,118.13,1899980123,1973361,7790253,71307677,0.901511,16449275368,527030,0.003,43455230383,18.48,1,0,4,0,7794be800000 bind:0 file=/anon_hugepage\040(deleted) huge anon=85 dirty=85 N0=85 kernelpagesize_kB=2048,714b13800000 bind:0 file=/anon_hugepage\040(deleted) huge anon=2560 dirty=2560 N0=2560 kernelpagesize_kB=2048
A,1,Xeon Platinum 8592+,170,320,4,5,221.368,116.51,1899977887,1905167,9242521,70801232,0.884532,16413374510,527007,0.003,43442394956,18.46,1,0,4,0,72c28f800000 bind:0 file=/anon_hugepage\040(deleted) huge anon=85 dirty=85 N0=85 kernelpagesize_kB=2048,714b13800000 bind:0 file=/anon_hugepage\040(deleted) huge anon=2560 dirty=2560 N0=2560 kernelpagesize_kB=2048
A,2,Xeon Platinum 8592+,170,320,4,5,221.198,116.42,1899985230,1953401,9452764,70748718,0.882137,16447212057,526867,0.003,43441412256,18.46,1,0,4,0,7430c1200000 bind:0 file=/anon_hugepage\040(deleted) huge anon=85 dirty=85 N0=85 kernelpagesize_kB=2048,714b13800000 bind:0 file=/anon_hugepage\040(deleted) huge anon=2560 dirty=2560 N0=2560 kernelpagesize_kB=2048
A,3,Xeon Platinum 8592+,170,320,4,5,222.77,117.25,1899984360,1964912,8669850,71022396,0.891208,16448281601,527158,0.003,43456722582,18.47,1,0,4,0,7717e2800000 bind:0 file=/anon_hugepage\040(deleted) huge anon=85 dirty=85 N0=85 kernelpagesize_kB=2048,714b13800000 bind:0 file=/anon_hugepage\040(deleted) huge anon=2560 dirty=2560 N0=2560 kernelpagesize_kB=2048
A,4,Xeon Platinum 8592+,170,320,4,5,221.215,116.43,1899985721,1948546,9502793,70748716,0.881587,16475157459,526907,0.003,43444697264,18.46,1,0,4,0,7d3b6b200000 bind:0 file=/anon_hugepage\040(deleted) huge anon=85 dirty=85 N0=85 kernelpagesize_kB=2048,714b13800000 bind:0 file=/anon_hugepage\040(deleted) huge anon=2560 dirty=2560 N0=2560 kernelpagesize_kB=2048
A,5,Xeon Platinum 8592+,170,320,4,5,222.955,117.35,1899986182,1907675,8592533,71037859,0.892095,16458101064,527020,0.003,43448355585,18.47,1,0,4,0,7496adc00000 bind:0 file=/anon_hugepage\040(deleted) huge anon=85 dirty=85 N0=85 kernelpagesize_kB=2048,714b13800000 bind:0 file=/anon_hugepage\040(deleted) huge anon=2560 dirty=2560 N0=2560 kernelpagesize_kB=2048
A,6,Xeon Platinum 8592+,170,320,4,5,220.575,116.09,1899985385,1936134,9832814,70580466,0.877722,16422642734,527014,0.003,43447978425,18.47,1,0,4,0,766519000000 bind:0 file=/anon_hugepage\040(deleted) huge anon=85 dirty=85 N0=85 kernelpagesize_kB=2048,714b13800000 bind:0 file=/anon_hugepage\040(deleted) huge anon=2560 dirty=2560 N0=2560 kernelpagesize_kB=2048
A,7,Xeon Platinum 8592+,170,320,4,5,223.123,117.43,1899984388,1936335,8388509,71072787,0.894433,16457411748,526946,0.003,43444670458,18.48,1,0,4,0,75e146000000 bind:0 file=/anon_hugepage\040(deleted) huge anon=85 dirty=85 N0=85 kernelpagesize_kB=2048,714b13800000 bind:0 file=/anon_hugepage\040(deleted) huge anon=2560 dirty=2560 N0=2560 kernelpagesize_kB=2048
A,8,Xeon Platinum 8592+,170,320,4,5,221.572,116.62,1899986588,1949412,9263327,70794840,0.884293,16416561646,526961,0.003,43443403190,18.47,1,0,4,0,702077c00000 bind:0 file=/anon_hugepage\040(deleted) huge anon=85 dirty=85 N0=85 kernelpagesize_kB=2048,714b13800000 bind:0 file=/anon_hugepage\040(deleted) huge anon=2560 dirty=2560 N0=2560 kernelpagesize_kB=2048
A,9,Xeon Platinum 8592+,170,320,4,5,223.924,117.86,1899986835,1923905,8005800,71196654,0.89892,16398410894,526925,0.003,43443368263,18.47,1,0,4,0,7afc4fe00000 bind:0 file=/anon_hugepage\040(deleted) huge anon=85 dirty=85 N0=85 kernelpagesize_kB=2048,714b13800000 bind:0 file=/anon_hugepage\040(deleted) huge anon=2560 dirty=2560 N0=2560 kernelpagesize_kB=2048
A,10,Xeon Platinum 8592+,170,320,4,5,220.347,115.97,1899985798,1941590,9872242,70592854,0.87731,16444697894,526936,0.003,43443300289,18.47,1,0,4,0,7e9845600000 bind:0 file=/anon_hugepage\040(deleted) huge anon=85 dirty=85 N0=85 kernelpagesize_kB=2048,714b13800000 bind:0 file=/anon_hugepage\040(deleted) huge anon=2560 dirty=2560 N0=2560 kernelpagesize_kB=2048
A,11,Xeon Platinum 8592+,170,320,4,5,222.978,117.36,1899986309,1900535,8572408,71019997,0.892296,16424456406,526900,0.003,43445759527,18.47,1,0,4,0,7deb29e00000 bind:0 file=/anon_hugepage\040(deleted) huge anon=85 dirty=85 N0=85 kernelpagesize_kB=2048,714b13800000 bind:0 file=/anon_hugepage\040(deleted) huge anon=2560 dirty=2560 N0=2560 kernelpagesize_kB=2048
A,12,Xeon Platinum 8592+,170,320,4,5,221.868,116.77,1899986503,1924650,9039261,70856778,0.886862,16410305970,526985,0.003,43443578520,18.47,1,0,4,0,717047e00000 bind:0 file=/anon_hugepage\040(deleted) huge anon=85 dirty=85 N0=85 kernelpagesize_kB=2048,714b13800000 bind:0 file=/anon_hugepage\040(deleted) huge anon=2560 dirty=2560 N0=2560 kernelpagesize_kB=2048
A,13,Xeon Platinum 8592+,170,320,4,5,221.535,116.6,1899985788,1935852,9118790,70842533,0.88596,16402003486,527172,0.003,43458619979,18.47,1,0,4,0,705e2d200000 bind:0 file=/anon_hugepage\040(deleted) huge anon=85 dirty=85 N0=85 kernelpagesize_kB=2048,714b13800000 bind:0 file=/anon_hugepage\040(deleted) huge anon=2560 dirty=2560 N0=2560 kernelpagesize_kB=2048
A,14,Xeon Platinum 8592+,170,320,4,5,221.338,116.49,1899987133,1943038,9309055,70806600,0.883805,16431824112,527135,0.003,43462118909,18.47,1,0,4,0,7c8278a00000 bind:0 file=/anon_hugepage\040(deleted) huge anon=85 dirty=85 N0=85 kernelpagesize_kB=2048,714b13800000 bind:0 file=/anon_hugepage\040(deleted) huge anon=2560 dirty=2560 N0=2560 kernelpagesize_kB=2048
A,15,Xeon Platinum 8592+,170,320,4,5,224.309,118.06,1899982988,1951168,7782923,71303759,0.90159,16418168732,527123,0.003,43461412339,18.47,1,0,4,0,7bfc47c00000 bind:0 file=/anon_hugepage\040(deleted) huge anon=85 dirty=85 N0=85 kernelpagesize_kB=2048,714b13800000 bind:0 file=/anon_hugepage\040(deleted) huge anon=2560 dirty=2560 N0=2560 kernelpagesize_kB=2048
A,16,Xeon Platinum 8592+,170,320,4,5,222.667,117.19,1899985303,1933633,8627515,70997192,0.891648,16395611172,526990,0.003,43444109472,18.47,1,0,4,0,79a7e4400000 bind:0 file=/anon_hugepage\040(deleted) huge anon=85 dirty=85 N0=85 kernelpagesize_kB=2048,714b13800000 bind:0 file=/anon_hugepage\040(deleted) huge anon=2560 dirty=2560 N0=2560 kernelpagesize_kB=2048
A,17,Xeon Platinum 8592+,170,320,4,5,222.745,117.24,1899984634,1935378,8563516,71011752,0.892385,16387463648,527116,0.003,43456872536,18.47,1,0,4,0,7e7c11e00000 bind:0 file=/anon_hugepage\040(deleted) huge anon=85 dirty=85 N0=85 kernelpagesize_kB=2048,714b13800000 bind:0 file=/anon_hugepage\040(deleted) huge anon=2560 dirty=2560 N0=2560 kernelpagesize_kB=2048
A,18,Xeon Platinum 8592+,170,320,4,5,221.567,116.62,1899985513,1913916,9149145,70816847,0.885587,16402772409,527108,0.003,43456653826,18.47,1,0,4,0,7ee66c200000 bind:0 file=/anon_hugepage\040(deleted) huge anon=85 dirty=85 N0=85 kernelpagesize_kB=2048,714b13800000 bind:0 file=/anon_hugepage\040(deleted) huge anon=2560 dirty=2560 N0=2560 kernelpagesize_kB=2048
A,19,Xeon Platinum 8592+,170,320,4,5,222.561,117.14,1899986085,1936535,8631734,71005898,0.891612,16400956238,527151,0.003,43459734903,18.48,1,0,4,0,7fa0e7600000 bind:0 file=/anon_hugepage\040(deleted) huge anon=85 dirty=85 N0=85 kernelpagesize_kB=2048,714b13800000 bind:0 file=/anon_hugepage\040(deleted) huge anon=2560 dirty=2560 N0=2560 kernelpagesize_kB=2048
A,20,Xeon Platinum 8592+,170,320,4,5,222.194,116.95,1899984820,1939685,8874305,70913315,0.888776,16419548952,526967,0.003,43444848696,18.46,1,0,4,0,7517dbc00000 bind:0 file=/anon_hugepage\040(deleted) huge anon=85 dirty=85 N0=85 kernelpagesize_kB=2048,714b13800000 bind:0 file=/anon_hugepage\040(deleted) huge anon=2560 dirty=2560 N0=2560 kernelpagesize_kB=2048
A,21,Xeon Platinum 8592+,170,320,4,5,222.86,117.3,1899986318,1940414,8629403,71020295,0.891658,16423929733,526965,0.003,43441930909,18.47,1,0,4,0,744a4b600000 bind:0 file=/anon_hugepage\040(deleted) huge anon=85 dirty=85 N0=85 kernelpagesize_kB=2048,714b13800000 bind:0 file=/anon_hugepage\040(deleted) huge anon=2560 dirty=2560 N0=2560 kernelpagesize_kB=2048
A,22,Xeon Platinum 8592+,170,320,4,5,221.178,116.41,1899985441,1972314,9450279,70734332,0.882143,16426261709,526893,0.003,43441717430,18.45,1,0,4,0,7e7702400000 bind:0 file=/anon_hugepage\040(deleted) huge anon=85 dirty=85 N0=85 kernelpagesize_kB=2048,714b13800000 bind:0 file=/anon_hugepage\040(deleted) huge anon=2560 dirty=2560 N0=2560 kernelpagesize_kB=2048
A,23,Xeon Platinum 8592+,170,320,4,5,221.714,116.69,1899987306,1964620,9131950,70847388,0.885821,16441202610,526937,0.003,43442288244,18.46,1,0,4,0,705a47800000 bind:0 file=/anon_hugepage\040(deleted) huge anon=85 dirty=85 N0=85 kernelpagesize_kB=2048,714b13800000 bind:0 file=/anon_hugepage\040(deleted) huge anon=2560 dirty=2560 N0=2560 kernelpagesize_kB=2048
A,24,Xeon Platinum 8592+,170,320,4,5,221.731,116.7,1899984431,1982493,9119161,70831351,0.88594,16451776237,526958,0.003,43443328867,18.47,1,0,4,0,7e1af0800000 bind:0 file=/anon_hugepage\040(deleted) huge anon=85 dirty=85 N0=85 kernelpagesize_kB=2048,714b13800000 bind:0 file=/anon_hugepage\040(deleted) huge anon=2560 dirty=2560 N0=2560 kernelpagesize_kB=2048
A,25,Xeon Platinum 8592+,170,320,4,5,223.031,117.39,1899984081,1953839,8533736,71082897,0.892815,16464635680,526891,0.003,43442090149,18.47,1,0,4,0,7e2c55c00000 bind:0 file=/anon_hugepage\040(deleted) huge anon=85 dirty=85 N0=85 kernelpagesize_kB=2048,714b13800000 bind:0 file=/anon_hugepage\040(deleted) huge anon=2560 dirty=2560 N0=2560 kernelpagesize_kB=2048
A,26,Xeon Platinum 8592+,170,320,4,5,222.31,117.01,1899985703,1939668,8765051,70949612,0.890045,16425687267,527031,0.003,43455305480,18.48,1,0,4,0,7cd42b800000 bind:0 file=/anon_hugepage\040(deleted) huge anon=85 dirty=85 N0=85 kernelpagesize_kB=2048,714b13800000 bind:0 file=/anon_hugepage\040(deleted) huge anon=2560 dirty=2560 N0=2560 kernelpagesize_kB=2048
A,27,Xeon Platinum 8592+,170,320,4,5,224.301,118.05,1899987277,1946361,7894986,71284039,0.900289,16465139389,527067,0.003,43460415108,18.46,1,0,4,0,737877200000 bind:0 file=/anon_hugepage\040(deleted) huge anon=85 dirty=85 N0=85 kernelpagesize_kB=2048,714b13800000 bind:0 file=/anon_hugepage\040(deleted) huge anon=2560 dirty=2560 N0=2560 kernelpagesize_kB=2048
A,28,Xeon Platinum 8592+,170,320,4,5,222.17,116.93,1899986158,1947645,8856593,70951852,0.889027,16452664996,526932,0.003,43444227589,18.46,1,0,4,0,7dd080e00000 bind:0 file=/anon_hugepage\040(deleted) huge anon=85 dirty=85 N0=85 kernelpagesize_kB=2048,714b13800000 bind:0 file=/anon_hugepage\040(deleted) huge anon=2560 dirty=2560 N0=2560 kernelpagesize_kB=2048
A,29,Xeon Platinum 8592+,170,320,4,5,222.029,116.86,1899987362,1929640,8969980,70868725,0.887649,16410748836,527019,0.003,43452138270,18.46,1,0,4,0,71363ee00000 bind:0 file=/anon_hugepage\040(deleted) huge anon=85 dirty=85 N0=85 kernelpagesize_kB=2048,714b13800000 bind:0 file=/anon_hugepage\040(deleted) huge anon=2560 dirty=2560 N0=2560 kernelpagesize_kB=2048
