phase,knob,knob_value,condition,n_aggr_cores,trial,cycles_per_load,quiescent_cycles,tax_pct,aggregate_bw_gbps,victim_slowdown_pct,page_kb,readonly,notes
2,cat_aggr_ways,off,A,8,0,91.055,79.508,14.523,23.512,14.523,,True,no_cat
2,cat_aggr_ways,off,A,8,1,90.407,79.508,13.708,23.512,13.708,,True,no_cat
2,cat_aggr_ways,off,A,8,2,90.142,79.508,13.374,23.512,13.374,,True,no_cat
2,cat_aggr_ways,off,A,8,3,94.191,79.508,18.467,23.512,18.467,,True,no_cat
2,cat_aggr_ways,off,A,8,4,92.491,79.508,16.329,23.512,16.329,,True,no_cat
2,cat_aggr_ways,off,A,8,5,91.092,79.508,14.569,23.512,14.569,,True,no_cat
2,cat_aggr_ways,off,A,8,6,90.645,79.508,14.007,23.512,14.007,,True,no_cat
2,cat_aggr_ways,off,A,8,7,90.349,79.508,13.635,23.512,13.635,,True,no_cat
2,cat_aggr_ways,off,A,8,8,90.882,79.508,14.305,23.512,14.305,,True,no_cat
2,cat_aggr_ways,off,A,8,9,91.144,79.508,14.635,23.512,14.635,,True,no_cat
2,cat_aggr_ways,off,A,8,10,90.555,79.508,13.894,23.512,13.894,,True,no_cat
2,cat_aggr_ways,off,A,8,11,90.381,79.508,13.675,23.512,13.675,,True,no_cat
2,cat_aggr_ways,off,A,8,12,93.012,79.508,16.984,23.512,16.984,,True,no_cat
2,cat_aggr_ways,off,A,8,13,93.024,79.508,16.999,23.512,16.999,,True,no_cat
2,cat_aggr_ways,off,A,8,14,92.094,79.508,15.83,23.512,15.83,,True,no_cat
2,cat_aggr_ways,off,A,8,15,91.212,79.508,14.72,23.512,14.72,,True,no_cat
2,cat_aggr_ways,off,A,8,16,90.557,79.508,13.896,23.512,13.896,,True,no_cat
2,cat_aggr_ways,off,A,8,17,90.372,79.508,13.664,23.512,13.664,,True,no_cat
2,cat_aggr_ways,off,A,8,18,90.948,79.508,14.388,23.512,14.388,,True,no_cat
2,cat_aggr_ways,off,A,8,19,90.761,79.508,14.153,23.512,14.153,,True,no_cat
2,cat_aggr_ways,off,A,8,20,90.442,79.508,13.752,23.512,13.752,,True,no_cat
2,cat_aggr_ways,off,A,8,21,90.356,79.508,13.644,23.512,13.644,,True,no_cat
2,cat_aggr_ways,off,A,8,22,90.189,79.508,13.434,23.512,13.434,,True,no_cat
2,cat_aggr_ways,off,A,8,23,91.274,79.508,14.798,23.512,14.798,,True,no_cat
2,cat_aggr_ways,off,A,8,24,90.72,79.508,14.101,23.512,14.101,,True,no_cat
2,cat_aggr_ways,off,A,8,25,90.327,79.508,13.607,23.512,13.607,,True,no_cat
2,cat_aggr_ways,off,A,8,26,90.402,79.508,13.701,23.512,13.701,,True,no_cat
2,cat_aggr_ways,off,A,8,27,90.363,79.508,13.652,23.512,13.652,,True,no_cat
2,cat_aggr_ways,off,A,8,28,91.773,79.508,15.426,23.512,15.426,,True,no_cat
2,cat_aggr_ways,off,A,8,29,91.738,79.508,15.382,23.512,15.382,,True,no_cat
2,cat_aggr_ways,3,A,8,0,78.185,79.508,-1.664,23.52,-1.664,,True,vic12w_agg3w
2,cat_aggr_ways,3,A,8,1,78.159,79.508,-1.697,23.52,-1.697,,True,vic12w_agg3w
2,cat_aggr_ways,3,A,8,2,78.119,79.508,-1.747,23.52,-1.747,,True,vic12w_agg3w
2,cat_aggr_ways,3,A,8,3,78.161,79.508,-1.694,23.52,-1.694,,True,vic12w_agg3w
2,cat_aggr_ways,3,A,8,4,78.126,79.508,-1.738,23.52,-1.738,,True,vic12w_agg3w
2,cat_aggr_ways,3,A,8,5,78.139,79.508,-1.722,23.52,-1.722,,True,vic12w_agg3w
2,cat_aggr_ways,3,A,8,6,78.129,79.508,-1.735,23.52,-1.735,,True,vic12w_agg3w
2,cat_aggr_ways,3,A,8,7,78.132,79.508,-1.731,23.52,-1.731,,True,vic12w_agg3w
2,cat_aggr_ways,3,A,8,8,78.144,79.508,-1.716,23.52,-1.716,,True,vic12w_agg3w
2,cat_aggr_ways,3,A,8,9,78.151,79.508,-1.707,23.52,-1.707,,True,vic12w_agg3w
2,cat_aggr_ways,3,A,8,10,78.145,79.508,-1.715,23.52,-1.715,,True,vic12w_agg3w
2,cat_aggr_ways,3,A,8,11,78.116,79.508,-1.751,23.52,-1.751,,True,vic12w_agg3w
2,cat_aggr_ways,3,A,8,12,78.128,79.508,-1.736,23.52,-1.736,,True,vic12w_agg3w
2,cat_aggr_ways,3,A,8,13,78.125,79.508,-1.74,23.52,-1.74,,True,vic12w_agg3w
2,cat_aggr_ways,3,A,8,14,78.179,79.508,-1.672,23.52,-1.672,,True,vic12w_agg3w
2,cat_aggr_ways,3,A,8,15,78.167,79.508,-1.687,23.52,-1.687,,True,vic12w_agg3w
2,cat_aggr_ways,3,A,8,16,78.124,79.508,-1.741,23.52,-1.741,,True,vic12w_agg3w
2,cat_aggr_ways,3,A,8,17,78.119,79.508,-1.747,23.52,-1.747,,True,vic12w_agg3w
2,cat_aggr_ways,3,A,8,18,78.123,79.508,-1.742,23.52,-1.742,,True,vic12w_agg3w
2,cat_aggr_ways,3,A,8,19,78.141,79.508,-1.72,23.52,-1.72,,True,vic12w_agg3w
2,cat_aggr_ways,3,A,8,20,78.118,79.508,-1.748,23.52,-1.748,,True,vic12w_agg3w
2,cat_aggr_ways,3,A,8,21,78.121,79.508,-1.745,23.52,-1.745,,True,vic12w_agg3w
2,cat_aggr_ways,3,A,8,22,78.115,79.508,-1.752,23.52,-1.752,,True,vic12w_agg3w
2,cat_aggr_ways,3,A,8,23,78.124,79.508,-1.741,23.52,-1.741,,True,vic12w_agg3w
2,cat_aggr_ways,3,A,8,24,78.142,79.508,-1.718,23.52,-1.718,,True,vic12w_agg3w
2,cat_aggr_ways,3,A,8,25,78.128,79.508,-1.736,23.52,-1.736,,True,vic12w_agg3w
2,cat_aggr_ways,3,A,8,26,78.298,79.508,-1.522,23.52,-1.522,,True,vic12w_agg3w
2,cat_aggr_ways,3,A,8,27,79.065,79.508,-0.557,23.52,-0.557,,True,vic12w_agg3w
2,cat_aggr_ways,3,A,8,28,78.139,79.508,-1.722,23.52,-1.722,,True,vic12w_agg3w
2,cat_aggr_ways,3,A,8,29,78.138,79.508,-1.723,23.52,-1.723,,True,vic12w_agg3w
2,cat_aggr_ways,2,A,8,0,78.165,79.508,-1.689,23.523,-1.689,,True,vic12w_agg2w
2,cat_aggr_ways,2,A,8,1,78.169,79.508,-1.684,23.523,-1.684,,True,vic12w_agg2w
2,cat_aggr_ways,2,A,8,2,78.119,79.508,-1.747,23.523,-1.747,,True,vic12w_agg2w
2,cat_aggr_ways,2,A,8,3,78.12,79.508,-1.746,23.523,-1.746,,True,vic12w_agg2w
2,cat_aggr_ways,2,A,8,4,78.146,79.508,-1.713,23.523,-1.713,,True,vic12w_agg2w
2,cat_aggr_ways,2,A,8,5,78.155,79.508,-1.702,23.523,-1.702,,True,vic12w_agg2w
2,cat_aggr_ways,2,A,8,6,78.138,79.508,-1.723,23.523,-1.723,,True,vic12w_agg2w
2,cat_aggr_ways,2,A,8,7,78.13,79.508,-1.733,23.523,-1.733,,True,vic12w_agg2w
2,cat_aggr_ways,2,A,8,8,78.148,79.508,-1.711,23.523,-1.711,,True,vic12w_agg2w
2,cat_aggr_ways,2,A,8,9,78.135,79.508,-1.727,23.523,-1.727,,True,vic12w_agg2w
2,cat_aggr_ways,2,A,8,10,78.129,79.508,-1.735,23.523,-1.735,,True,vic12w_agg2w
2,cat_aggr_ways,2,A,8,11,78.145,79.508,-1.715,23.523,-1.715,,True,vic12w_agg2w
2,cat_aggr_ways,2,A,8,12,78.128,79.508,-1.736,23.523,-1.736,,True,vic12w_agg2w
2,cat_aggr_ways,2,A,8,13,78.121,79.508,-1.745,23.523,-1.745,,True,vic12w_agg2w
2,cat_aggr_ways,2,A,8,14,78.127,79.508,-1.737,23.523,-1.737,,True,vic12w_agg2w
2,cat_aggr_ways,2,A,8,15,78.163,79.508,-1.692,23.523,-1.692,,True,vic12w_agg2w
2,cat_aggr_ways,2,A,8,16,78.179,79.508,-1.672,23.523,-1.672,,True,vic12w_agg2w
2,cat_aggr_ways,2,A,8,17,78.19,79.508,-1.658,23.523,-1.658,,True,vic12w_agg2w
2,cat_aggr_ways,2,A,8,18,78.153,79.508,-1.704,23.523,-1.704,,True,vic12w_agg2w
2,cat_aggr_ways,2,A,8,19,78.143,79.508,-1.717,23.523,-1.717,,True,vic12w_agg2w
2,cat_aggr_ways,2,A,8,20,78.147,79.508,-1.712,23.523,-1.712,,True,vic12w_agg2w
2,cat_aggr_ways,2,A,8,21,78.228,79.508,-1.61,23.523,-1.61,,True,vic12w_agg2w
2,cat_aggr_ways,2,A,8,22,78.137,79.508,-1.725,23.523,-1.725,,True,vic12w_agg2w
2,cat_aggr_ways,2,A,8,23,78.123,79.508,-1.742,23.523,-1.742,,True,vic12w_agg2w
2,cat_aggr_ways,2,A,8,24,78.126,79.508,-1.738,23.523,-1.738,,True,vic12w_agg2w
2,cat_aggr_ways,2,A,8,25,78.142,79.508,-1.718,23.523,-1.718,,True,vic12w_agg2w
2,cat_aggr_ways,2,A,8,26,78.138,79.508,-1.723,23.523,-1.723,,True,vic12w_agg2w
2,cat_aggr_ways,2,A,8,27,78.126,79.508,-1.738,23.523,-1.738,,True,vic12w_agg2w
2,cat_aggr_ways,2,A,8,28,78.123,79.508,-1.742,23.523,-1.742,,True,vic12w_agg2w
2,cat_aggr_ways,2,A,8,29,78.133,79.508,-1.73,23.523,-1.73,,True,vic12w_agg2w
2,cat_aggr_ways,1,A,8,0,78.132,79.508,-1.731,23.504,-1.731,,True,vic12w_agg1w
2,cat_aggr_ways,1,A,8,1,78.136,79.508,-1.726,23.504,-1.726,,True,vic12w_agg1w
2,cat_aggr_ways,1,A,8,2,78.161,79.508,-1.694,23.504,-1.694,,True,vic12w_agg1w
2,cat_aggr_ways,1,A,8,3,78.137,79.508,-1.725,23.504,-1.725,,True,vic12w_agg1w
2,cat_aggr_ways,1,A,8,4,78.115,79.508,-1.752,23.504,-1.752,,True,vic12w_agg1w
2,cat_aggr_ways,1,A,8,5,78.138,79.508,-1.723,23.504,-1.723,,True,vic12w_agg1w
2,cat_aggr_ways,1,A,8,6,78.131,79.508,-1.732,23.504,-1.732,,True,vic12w_agg1w
2,cat_aggr_ways,1,A,8,7,78.141,79.508,-1.72,23.504,-1.72,,True,vic12w_agg1w
2,cat_aggr_ways,1,A,8,8,78.137,79.508,-1.725,23.504,-1.725,,True,vic12w_agg1w
2,cat_aggr_ways,1,A,8,9,78.122,79.508,-1.743,23.504,-1.743,,True,vic12w_agg1w
2,cat_aggr_ways,1,A,8,10,78.125,79.508,-1.74,23.504,-1.74,,True,vic12w_agg1w
2,cat_aggr_ways,1,A,8,11,78.126,79.508,-1.738,23.504,-1.738,,True,vic12w_agg1w
2,cat_aggr_ways,1,A,8,12,78.137,79.508,-1.725,23.504,-1.725,,True,vic12w_agg1w
2,cat_aggr_ways,1,A,8,13,78.151,79.508,-1.707,23.504,-1.707,,True,vic12w_agg1w
2,cat_aggr_ways,1,A,8,14,78.132,79.508,-1.731,23.504,-1.731,,True,vic12w_agg1w
2,cat_aggr_ways,1,A,8,15,78.123,79.508,-1.742,23.504,-1.742,,True,vic12w_agg1w
2,cat_aggr_ways,1,A,8,16,78.151,79.508,-1.707,23.504,-1.707,,True,vic12w_agg1w
2,cat_aggr_ways,1,A,8,17,78.134,79.508,-1.728,23.504,-1.728,,True,vic12w_agg1w
2,cat_aggr_ways,1,A,8,18,78.129,79.508,-1.735,23.504,-1.735,,True,vic12w_agg1w
2,cat_aggr_ways,1,A,8,19,78.156,79.508,-1.701,23.504,-1.701,,True,vic12w_agg1w
2,cat_aggr_ways,1,A,8,20,78.146,79.508,-1.713,23.504,-1.713,,True,vic12w_agg1w
2,cat_aggr_ways,1,A,8,21,78.128,79.508,-1.736,23.504,-1.736,,True,vic12w_agg1w
2,cat_aggr_ways,1,A,8,22,78.143,79.508,-1.717,23.504,-1.717,,True,vic12w_agg1w
2,cat_aggr_ways,1,A,8,23,78.119,79.508,-1.747,23.504,-1.747,,True,vic12w_agg1w
2,cat_aggr_ways,1,A,8,24,78.131,79.508,-1.732,23.504,-1.732,,True,vic12w_agg1w
2,cat_aggr_ways,1,A,8,25,78.119,79.508,-1.747,23.504,-1.747,,True,vic12w_agg1w
2,cat_aggr_ways,1,A,8,26,78.129,79.508,-1.735,23.504,-1.735,,True,vic12w_agg1w
2,cat_aggr_ways,1,A,8,27,78.143,79.508,-1.717,23.504,-1.717,,True,vic12w_agg1w
2,cat_aggr_ways,1,A,8,28,78.122,79.508,-1.743,23.504,-1.743,,True,vic12w_agg1w
2,cat_aggr_ways,1,A,8,29,78.134,79.508,-1.728,23.504,-1.728,,True,vic12w_agg1w
