claim,metric,value,unit,context
prefetch_bw,wb_load,15.765,GB/s,1t
prefetch_bw,wb_load,15.773,GB/s,1t
prefetch_bw,wb_load,15.763,GB/s,1t
prefetch_bw,wb_load,15.760,GB/s,1t
prefetch_bw,wb_load,15.762,GB/s,1t
prefetch_bw,wb_prefetchnta,15.678,GB/s,1t
prefetch_bw,wb_prefetchnta,15.673,GB/s,1t
prefetch_bw,wb_prefetchnta,15.681,GB/s,1t
prefetch_bw,wb_prefetchnta,15.679,GB/s,1t
prefetch_bw,wb_prefetchnta,15.674,GB/s,1t
prefetch_bw,wc_ntdqa,4.173,GB/s,1t
prefetch_bw,wc_ntdqa,4.172,GB/s,1t
prefetch_bw,wc_ntdqa,4.174,GB/s,1t
prefetch_bw,wc_ntdqa,4.175,GB/s,1t
prefetch_bw,wc_ntdqa,4.175,GB/s,1t
prefetch_victim_delta,wb_load,-0.160820,pct,l2hot_ipc_drop
prefetch_victim_bw,wb_load,24.810,GB/s,l2hot
prefetch_victim_delta,wb_prefetchnta,-0.160820,pct,l2hot_ipc_drop
prefetch_victim_bw,wb_prefetchnta,24.879,GB/s,l2hot
prefetch_victim_delta,wc_ntdqa,-0.060308,pct,l2hot_ipc_drop
prefetch_victim_bw,wc_ntdqa,24.841,GB/s,l2hot
prefetch_victim_delta,wb_load,-0.090398,pct,l2hot_ipc_drop
prefetch_victim_bw,wb_load,24.828,GB/s,l2hot
prefetch_victim_delta,wb_prefetchnta,-0.090398,pct,l2hot_ipc_drop
prefetch_victim_bw,wb_prefetchnta,24.847,GB/s,l2hot
prefetch_victim_delta,wc_ntdqa,0.070309,pct,l2hot_ipc_drop
prefetch_victim_bw,wc_ntdqa,24.847,GB/s,l2hot
prefetch_victim_delta,wb_load,-0.020074,pct,l2hot_ipc_drop
prefetch_victim_bw,wb_load,24.843,GB/s,l2hot
prefetch_victim_delta,wb_prefetchnta,-0.010037,pct,l2hot_ipc_drop
prefetch_victim_bw,wb_prefetchnta,24.876,GB/s,l2hot
prefetch_victim_delta,wc_ntdqa,0.080297,pct,l2hot_ipc_drop
prefetch_victim_bw,wc_ntdqa,24.811,GB/s,l2hot
prefetch_victim_delta,wb_load,0.060235,pct,l2hot_ipc_drop
prefetch_victim_bw,wb_load,24.778,GB/s,l2hot
prefetch_victim_delta,wb_prefetchnta,0.020078,pct,l2hot_ipc_drop
prefetch_victim_bw,wb_prefetchnta,24.945,GB/s,l2hot
prefetch_victim_delta,wc_ntdqa,-0.060235,pct,l2hot_ipc_drop
prefetch_victim_bw,wc_ntdqa,24.821,GB/s,l2hot
prefetch_victim_delta,wb_load,0.100351,pct,l2hot_ipc_drop
prefetch_victim_bw,wb_load,24.815,GB/s,l2hot
prefetch_victim_delta,wb_prefetchnta,0.010035,pct,l2hot_ipc_drop
prefetch_victim_bw,wb_prefetchnta,24.851,GB/s,l2hot
prefetch_victim_delta,wc_ntdqa,0.020070,pct,l2hot_ipc_drop
prefetch_victim_bw,wc_ntdqa,24.822,GB/s,l2hot
cat_degradation,no_cat,-0.020088,pct,l2hot_ipc_drop
cat_bw,no_cat,24.847,GB/s,wb_load
cat_degradation,with_cat,0.040177,pct,l2hot_ipc_drop
cat_bw,with_cat,24.774,GB/s,wb_load
cat_degradation,no_cat,0.000000,pct,l2hot_ipc_drop
cat_bw,no_cat,24.798,GB/s,wb_load
cat_degradation,with_cat,0.000000,pct,l2hot_ipc_drop
cat_bw,with_cat,24.821,GB/s,wb_load
cat_degradation,no_cat,-0.130627,pct,l2hot_ipc_drop
cat_bw,no_cat,24.740,GB/s,wb_load
cat_degradation,with_cat,0.000000,pct,l2hot_ipc_drop
cat_bw,with_cat,24.836,GB/s,wb_load
cat_degradation,no_cat,-0.090398,pct,l2hot_ipc_drop
cat_bw,no_cat,24.798,GB/s,wb_load
cat_degradation,with_cat,0.030133,pct,l2hot_ipc_drop
cat_bw,with_cat,24.799,GB/s,wb_load
cat_degradation,with_cat,0.040145,pct,l2hot_ipc_drop
cat_bw,with_cat,24.805,GB/s,wb_load
cat_degradation,no_cat,0.110397,pct,l2hot_ipc_drop
cat_bw,no_cat,24.818,GB/s,wb_load
rdt_proxy_bw,baseline,24.860,GB/s,wb8
rdt_proxy_bw,oneway,24.829,GB/s,wb8
rdt_proxy_drop,oneway_vs_baseline,0.124698,pct,wb8
rdt_proxy_bw,baseline,24.845,GB/s,wb8
rdt_proxy_bw,oneway,24.763,GB/s,wb8
rdt_proxy_drop,oneway_vs_baseline,0.330046,pct,wb8
rdt_proxy_bw,baseline,24.868,GB/s,wb8
rdt_proxy_bw,oneway,24.802,GB/s,wb8
rdt_proxy_drop,oneway_vs_baseline,0.265401,pct,wb8
rdt_proxy_bw,baseline,24.769,GB/s,wb8
rdt_proxy_bw,oneway,24.798,GB/s,wb8
rdt_proxy_drop,oneway_vs_baseline,-0.117082,pct,wb8
rdt_proxy_bw,baseline,24.867,GB/s,wb8
rdt_proxy_bw,oneway,24.708,GB/s,wb8
rdt_proxy_drop,oneway_vs_baseline,0.639402,pct,wb8
pmu_bw,wb_load,24.745,GB/s,chase
pmu_victim_cpi,wb_load,4655855.379590,cycles/iter,chase
pmu_event,wb_load,102315,count,amd_df/event=0x07,umask=0x38/
pmu_event,wb_load,6245394200,count,amd_l3/event=0x04,umask=0xff/
pmu_bw,wc_ntdqa,24.776,GB/s,chase
pmu_victim_cpi,wc_ntdqa,3736152.867398,cycles/iter,chase
pmu_event,wc_ntdqa,140880,count,amd_df/event=0x07,umask=0x38/
pmu_event,wc_ntdqa,1089178830,count,amd_l3/event=0x04,umask=0xff/
pmu_bw,wc_ntdqa,24.821,GB/s,chase
pmu_victim_cpi,wc_ntdqa,3616345.394472,cycles/iter,chase
pmu_event,wc_ntdqa,154634,count,amd_df/event=0x07,umask=0x38/
pmu_event,wc_ntdqa,1121845820,count,amd_l3/event=0x04,umask=0xff/
pmu_bw,wb_load,24.790,GB/s,chase
pmu_victim_cpi,wb_load,4651195.153041,cycles/iter,chase
pmu_event,wb_load,110788,count,amd_df/event=0x07,umask=0x38/
pmu_event,wb_load,6261780551,count,amd_l3/event=0x04,umask=0xff/
pmu_bw,wc_ntdqa,24.795,GB/s,chase
pmu_victim_cpi,wc_ntdqa,3653354.811459,cycles/iter,chase
pmu_event,wc_ntdqa,311719,count,amd_df/event=0x07,umask=0x38/
pmu_event,wc_ntdqa,1142845043,count,amd_l3/event=0x04,umask=0xff/
pmu_bw,wb_load,24.841,GB/s,chase
pmu_victim_cpi,wb_load,4663725.771996,cycles/iter,chase
pmu_event,wb_load,112990,count,amd_df/event=0x07,umask=0x38/
pmu_event,wb_load,6336693788,count,amd_l3/event=0x04,umask=0xff/
pmu_bw,wb_load,24.815,GB/s,chase
pmu_victim_cpi,wb_load,4650063.638773,cycles/iter,chase
pmu_event,wb_load,111972,count,amd_df/event=0x07,umask=0x38/
pmu_event,wb_load,6266863146,count,amd_l3/event=0x04,umask=0xff/
pmu_bw,wc_ntdqa,24.779,GB/s,chase
pmu_victim_cpi,wc_ntdqa,3596178.140084,cycles/iter,chase
pmu_event,wc_ntdqa,156449,count,amd_df/event=0x07,umask=0x38/
pmu_event,wc_ntdqa,1124771221,count,amd_l3/event=0x04,umask=0xff/
pmu_bw,wb_load,24.819,GB/s,chase
pmu_victim_cpi,wb_load,4648487.817243,cycles/iter,chase
pmu_event,wb_load,93770,count,amd_df/event=0x07,umask=0x38/
pmu_event,wb_load,6268778021,count,amd_l3/event=0x04,umask=0xff/
pmu_bw,wc_ntdqa,24.795,GB/s,chase
pmu_victim_cpi,wc_ntdqa,3691282.010073,cycles/iter,chase
pmu_event,wc_ntdqa,139405,count,amd_df/event=0x07,umask=0x38/
pmu_event,wc_ntdqa,1099079043,count,amd_l3/event=0x04,umask=0xff/
