exp,run,scenario,mode,threads,order_idx,cpi,bw_gbps,log_path,status
A,1,baseline,none,0,0,3613589.207680,0.000,/home/domin/CoherenceTest/APNET/results/20260308_180143/raw/expA/run1_baseline.log,PASS
A,1,wc,wc_ntdqa,9,1,3683803.105825,20.937,/home/domin/CoherenceTest/APNET/results/20260308_180143/raw/expA/run1_wc.log,PASS
A,1,wb,wb_load,2,2,4665853.682631,20.856,/home/domin/CoherenceTest/APNET/results/20260308_180143/raw/expA/run1_wb.log,PASS
A,2,baseline,none,0,0,3556427.354420,0.000,/home/domin/CoherenceTest/APNET/results/20260308_180143/raw/expA/run2_baseline.log,PASS
A,2,wc,wc_ntdqa,9,1,3761240.424890,20.913,/home/domin/CoherenceTest/APNET/results/20260308_180143/raw/expA/run2_wc.log,PASS
A,2,wb,wb_load,2,2,4654472.530797,20.945,/home/domin/CoherenceTest/APNET/results/20260308_180143/raw/expA/run2_wb.log,PASS
A,3,baseline,none,0,0,3694405.641182,0.000,/home/domin/CoherenceTest/APNET/results/20260308_180143/raw/expA/run3_baseline.log,PASS
A,3,wb,wb_load,2,1,4668199.275129,20.797,/home/domin/CoherenceTest/APNET/results/20260308_180143/raw/expA/run3_wb.log,PASS
A,3,wc,wc_ntdqa,9,2,3682535.189380,20.922,/home/domin/CoherenceTest/APNET/results/20260308_180143/raw/expA/run3_wc.log,PASS
A,4,baseline,none,0,0,3613746.020671,0.000,/home/domin/CoherenceTest/APNET/results/20260308_180143/raw/expA/run4_baseline.log,PASS
A,4,wb,wb_load,2,1,4657700.434898,20.927,/home/domin/CoherenceTest/APNET/results/20260308_180143/raw/expA/run4_wb.log,PASS
A,4,wc,wc_ntdqa,9,2,3589417.328192,20.951,/home/domin/CoherenceTest/APNET/results/20260308_180143/raw/expA/run4_wc.log,PASS
A,5,baseline,none,0,0,3652358.758202,0.000,/home/domin/CoherenceTest/APNET/results/20260308_180143/raw/expA/run5_baseline.log,PASS
A,5,wc,wc_ntdqa,9,1,3729241.465991,20.899,/home/domin/CoherenceTest/APNET/results/20260308_180143/raw/expA/run5_wc.log,PASS
A,5,wb,wb_load,2,2,4670386.146935,20.895,/home/domin/CoherenceTest/APNET/results/20260308_180143/raw/expA/run5_wb.log,PASS
A,6,baseline,none,0,0,3714757.426268,0.000,/home/domin/CoherenceTest/APNET/results/20260308_180143/raw/expA/run6_baseline.log,PASS
A,6,wb,wb_load,2,1,4661014.621807,20.911,/home/domin/CoherenceTest/APNET/results/20260308_180143/raw/expA/run6_wb.log,PASS
A,6,wc,wc_ntdqa,9,2,3668653.832509,20.915,/home/domin/CoherenceTest/APNET/results/20260308_180143/raw/expA/run6_wc.log,PASS
A,7,baseline,none,0,0,3599455.637216,0.000,/home/domin/CoherenceTest/APNET/results/20260308_180143/raw/expA/run7_baseline.log,PASS
A,7,wc,wc_ntdqa,9,1,3572837.423454,20.885,/home/domin/CoherenceTest/APNET/results/20260308_180143/raw/expA/run7_wc.log,PASS
A,7,wb,wb_load,2,2,4664470.237736,20.900,/home/domin/CoherenceTest/APNET/results/20260308_180143/raw/expA/run7_wb.log,PASS
A,8,baseline,none,0,0,3576352.210554,0.000,/home/domin/CoherenceTest/APNET/results/20260308_180143/raw/expA/run8_baseline.log,PASS
A,8,wc,wc_ntdqa,9,1,3591395.762757,20.936,/home/domin/CoherenceTest/APNET/results/20260308_180143/raw/expA/run8_wc.log,PASS
A,8,wb,wb_load,2,2,4662576.207489,20.944,/home/domin/CoherenceTest/APNET/results/20260308_180143/raw/expA/run8_wb.log,PASS
A,9,baseline,none,0,0,3591880.206904,0.000,/home/domin/CoherenceTest/APNET/results/20260308_180143/raw/expA/run9_baseline.log,PASS
A,9,wb,wb_load,2,1,4656783.592087,20.952,/home/domin/CoherenceTest/APNET/results/20260308_180143/raw/expA/run9_wb.log,PASS
A,9,wc,wc_ntdqa,9,2,3606146.591648,20.938,/home/domin/CoherenceTest/APNET/results/20260308_180143/raw/expA/run9_wc.log,PASS
A,10,baseline,none,0,0,3693495.119221,0.000,/home/domin/CoherenceTest/APNET/results/20260308_180143/raw/expA/run10_baseline.log,PASS
A,10,wb,wb_load,2,1,4666616.913518,20.929,/home/domin/CoherenceTest/APNET/results/20260308_180143/raw/expA/run10_wb.log,PASS
A,10,wc,wc_ntdqa,9,2,3591889.255088,20.929,/home/domin/CoherenceTest/APNET/results/20260308_180143/raw/expA/run10_wc.log,PASS
B,1,baseline,none,0,1,3671652.696097,0.000,/home/domin/CoherenceTest/APNET/results/20260308_180143/raw/expB/run1_baseline.log,PASS
B,1,columnar_wb,wb_column_scan,8,2,4727398.019702,49.386,/home/domin/CoherenceTest/APNET/results/20260308_180143/raw/expB/run1_columnar_wb.log,PASS
B,2,columnar_wb,wb_column_scan,8,1,4725457.637806,49.434,/home/domin/CoherenceTest/APNET/results/20260308_180143/raw/expB/run2_columnar_wb.log,PASS
B,2,baseline,none,0,2,3559544.471805,0.000,/home/domin/CoherenceTest/APNET/results/20260308_180143/raw/expB/run2_baseline.log,PASS
B,3,baseline,none,0,1,3605216.257936,0.000,/home/domin/CoherenceTest/APNET/results/20260308_180143/raw/expB/run3_baseline.log,PASS
B,3,columnar_wb,wb_column_scan,8,2,4718548.350969,49.500,/home/domin/CoherenceTest/APNET/results/20260308_180143/raw/expB/run3_columnar_wb.log,PASS
B,4,columnar_wb,wb_column_scan,8,1,4718260.630887,49.583,/home/domin/CoherenceTest/APNET/results/20260308_180143/raw/expB/run4_columnar_wb.log,PASS
B,4,baseline,none,0,2,3675527.316936,0.000,/home/domin/CoherenceTest/APNET/results/20260308_180143/raw/expB/run4_baseline.log,PASS
B,5,columnar_wb,wb_column_scan,8,1,4734901.721118,49.310,/home/domin/CoherenceTest/APNET/results/20260308_180143/raw/expB/run5_columnar_wb.log,PASS
B,5,baseline,none,0,2,3637041.517422,0.000,/home/domin/CoherenceTest/APNET/results/20260308_180143/raw/expB/run5_baseline.log,PASS
